imei,modello
354844945249715,Samsung Xcover 7
354844945229386,Samsung Xcover 7
354844941113204,Samsung Xcover 7
354844945253659,Samsung Xcover 7
354844941115852,Samsung Xcover 7
354844945243072,Samsung Xcover 7
354844941114145,Samsung Xcover 7
354844945787771,Samsung Xcover 7
354844945787706,Samsung Xcover 7
354844945911637,Samsung Xcover 7
354844945921156,Samsung Xcover 7
354844945902487,Samsung Xcover 7
354844945914805,Samsung Xcover 7
354844945908377,Samsung Xcover 7
354844945903196,Samsung Xcover 7
354844945910837,Samsung Xcover 7
354844945921438,Samsung Xcover 7
354844945793613,Samsung Xcover 7
354844945252214,Samsung Xcover 7
354844945251331,Samsung Xcover 7
354844945249004,Samsung Xcover 7
354844945253600,Samsung Xcover 7
354844945247768,Samsung Xcover 7
354844945225798,Samsung Xcover 7
354844945224148,Samsung Xcover 7
354844945223967,Samsung Xcover 7
354844945237017,Samsung Xcover 7
354844945235219,Samsung Xcover 7
354844945223116,Samsung Xcover 7
354844945222399,Samsung Xcover 7
354844945222449,Samsung Xcover 7
354844945231747,Samsung Xcover 7
354844945224635,Samsung Xcover 7
354844945225749,Samsung Xcover 7
354844945236837,Samsung Xcover 7
354844945223769,Samsung Xcover 7
354844945235201,Samsung Xcover 7
354844945236613,Samsung Xcover 7
354844945237389,Samsung Xcover 7
354844945235508,Samsung Xcover 7
354844945237728,Samsung Xcover 7
354844945225822,Samsung Xcover 7
354844945234279,Samsung Xcover 7
354844945906488,Samsung Xcover 7
354844945916412,Samsung Xcover 7
354844945244773,Samsung Xcover 7
354844945251455,Samsung Xcover 7
354844945250770,Samsung Xcover 7
354844945236464,Samsung Xcover 7
354844945225707,Samsung Xcover 7
354844945225780,Samsung Xcover 7
354844945234865,Samsung Xcover 7
354844945235904,Samsung Xcover 7
354844945906546,Samsung Xcover 7
354844945920042,Samsung Xcover 7
354844945902974,Samsung Xcover 7
354844945915935,Samsung Xcover 7
354844945903444,Samsung Xcover 7
354844945900242,Samsung Xcover 7
354844945900473,Samsung Xcover 7
354844945914078,Samsung Xcover 7
354844945902529,Samsung Xcover 7
354844945903774,Samsung Xcover 7
354844945920372,Samsung Xcover 7
354844945903550,Samsung Xcover 7
354844945900622,Samsung Xcover 7
354844945920380,Samsung Xcover 7
354844945926171,Samsung Xcover 7
354844945916610,Samsung Xcover 7
354844945232588,Samsung Xcover 7
354844945225715,Samsung Xcover 7
354844945229709,Samsung Xcover 7
354844945908617,Samsung Xcover 7
354844945911702,Samsung Xcover 7
354844945912072,Samsung Xcover 7
354844945922725,Samsung Xcover 7
354844945908799,Samsung Xcover 7
354844945854100,Samsung Xcover 7
354844945903956,Samsung Xcover 7
354844945900069,Samsung Xcover 7
354844945911009,Samsung Xcover 7
354844945922907,Samsung Xcover 7
354844945899873,Samsung Xcover 7
354844945901059,Samsung Xcover 7
354844945913195,Samsung Xcover 7
354844945921180,Samsung Xcover 7
354844945913559,Samsung Xcover 7
354844945910340,Samsung Xcover 7
354844945909151,Samsung Xcover 7
354844945900366,Samsung Xcover 7
354844945922329,Samsung Xcover 7
354844945912049,Samsung Xcover 7
354844945907882,Samsung Xcover 7
354844945901372,Samsung Xcover 7
354844945922477,Samsung Xcover 7
354844945922246,Samsung Xcover 7
354844945904814,Samsung Xcover 7
354844945900226,Samsung Xcover 7
354844945920687,Samsung Xcover 7
354844945910209,Samsung Xcover 7
354844945900671,Samsung Xcover 7
354844945899436,Samsung Xcover 7
354844941114822,Samsung Xcover 7
354844941114707,Samsung Xcover 7
354844941115225,Samsung Xcover 7
354844941115365,Samsung Xcover 7
354844945232307,Samsung Xcover 7
354844945227414,Samsung Xcover 7
354844945232315,Samsung Xcover 7
354844945248790,Samsung Xcover 7
354844945258096,Samsung Xcover 7
354844945257429,Samsung Xcover 7
354844945253444,Samsung Xcover 7
354844945257130,Samsung Xcover 7
354844945248931,Samsung Xcover 7
354844945905985,Samsung Xcover 7
354844945257502,Samsung Xcover 7
354844945899568,Samsung Xcover 7
354844945902024,Samsung Xcover 7
354844945900176,Samsung Xcover 7
354844945905910,Samsung Xcover 7
354844945903873,Samsung Xcover 7
354844945900101,Samsung Xcover 7
354844945903329,Samsung Xcover 7
354844945233875,Samsung Xcover 7
354844945225731,Samsung Xcover 7
354844945912262,Samsung Xcover 7
354844945903345,Samsung Xcover 7
354844945914300,Samsung Xcover 7
354844945908849,Samsung Xcover 7
354844945921271,Samsung Xcover 7
354844945912239,Samsung Xcover 7
354844945853656,Samsung Xcover 7
354844945235888,Samsung Xcover 7
354844945229568,Samsung Xcover 7
354844945230103,Samsung Xcover 7
354844945225681,Samsung Xcover 7
354844945228925,Samsung Xcover 7
354844945225509,Samsung Xcover 7
354844945230772,Samsung Xcover 7
354844945225723,Samsung Xcover 7
354844945232497,Samsung Xcover 7
354844945230731,Samsung Xcover 7
354844945229469,Samsung Xcover 7
354844945232653,Samsung Xcover 7
354844945232000,Samsung Xcover 7
354844945227851,Samsung Xcover 7
354844945226135,Samsung Xcover 7
354844945912254,Samsung Xcover 7
354844945894387,Samsung Xcover 7
354844945246042,Samsung Xcover 7
354844945922287,Samsung Xcover 7
354844945905449,Samsung Xcover 7
354844945226911,Samsung Xcover 7
354844945250945,Samsung Xcover 7
354844945249061,Samsung Xcover 7
354844945223280,Samsung Xcover 7
354844945250911,Samsung Xcover 7
354844945233891,Samsung Xcover 7
354844945246471,Samsung Xcover 7
354844945251513,Samsung Xcover 7
354844945246430,Samsung Xcover 7
354844945245887,Samsung Xcover 7
354844945251125,Samsung Xcover 7
354844945251281,Samsung Xcover 7
354844945223041,Samsung Xcover 7
354844945247966,Samsung Xcover 7
354844945223033,Samsung Xcover 7
354844945251679,Samsung Xcover 7
354844945251802,Samsung Xcover 7
354844945249541,Samsung Xcover 7
354844945246729,Samsung Xcover 7
354844945915836,Samsung Xcover 7
354844945225368,Samsung Xcover 7
354844945227257,Samsung Xcover 7
354844945233461,Samsung Xcover 7
354844945226283,Samsung Xcover 7
354844945231184,Samsung Xcover 7
354844945226986,Samsung Xcover 7
354844945233453,Samsung Xcover 7
354844945231382,Samsung Xcover 7
354844945231218,Samsung Xcover 7
354844945232885,Samsung Xcover 7
354844945230954,Samsung Xcover 7
354844945228990,Samsung Xcover 7
354844945232620,Samsung Xcover 7
354844945230939,Samsung Xcover 7
354844945230913,Samsung Xcover 7
354844945234550,Samsung Xcover 7
354844945226994,Samsung Xcover 7
354844945225657,Samsung Xcover 7
354844945231838,Samsung Xcover 7
354844945230202,Samsung Xcover 7
354844945912965,Samsung Xcover 7
354844945231713,Samsung Xcover 7
354844945917717,Samsung Xcover 7
354844945226465,Samsung Xcover 7
354844945904913,Samsung Xcover 7
354844945235649,Samsung Xcover 7
354844945230210,Samsung Xcover 7
354844945912155,Samsung Xcover 7
354844945912205,Samsung Xcover 7
354844945233701,Samsung Xcover 7
354844945232372,Samsung Xcover 7
354844945228511,Samsung Xcover 7
354844945230343,Samsung Xcover 7
354844945223710,Samsung Xcover 7
354844945228495,Samsung Xcover 7
354844945229857,Samsung Xcover 7
354844945221797,Samsung Xcover 7
354844945228271,Samsung Xcover 7
354844945231051,Samsung Xcover 7
354844945233834,Samsung Xcover 7
354844945222225,Samsung Xcover 7
354844945228438,Samsung Xcover 7
354844945231101,Samsung Xcover 7
354844945225384,Samsung Xcover 7
354844945910514,Samsung Xcover 7
354844945901406,Samsung Xcover 7
354844945899469,Samsung Xcover 7
354844945921669,Samsung Xcover 7
354844945915547,Samsung Xcover 7
354844945919762,Samsung Xcover 7
354844945900325,Samsung Xcover 7
354844945909508,Samsung Xcover 7
354844945911686,Samsung Xcover 7
354844945909540,Samsung Xcover 7
354844945856493,Samsung Xcover 7
354844945917881,Samsung Xcover 7
354844945920273,Samsung Xcover 7
354844945917907,Samsung Xcover 7
354844945926429,Samsung Xcover 7
354844945917956,Samsung Xcover 7
354844945919150,Samsung Xcover 7
354844945917725,Samsung Xcover 7
354844945911694,Samsung Xcover 7
354844945921263,Samsung Xcover 7
354844945926395,Samsung Xcover 7
354844945920232,Samsung Xcover 7
354844945909821,Samsung Xcover 7
354844945917477,Samsung Xcover 7
354844945922873,Samsung Xcover 7
354844945911835,Samsung Xcover 7
354844945909144,Samsung Xcover 7
354844945917568,Samsung Xcover 7
354844945920992,Samsung Xcover 7
354844945915786,Samsung Xcover 7
354844945904988,Samsung Xcover 7
354844945917527,Samsung Xcover 7
354844945917618,Samsung Xcover 7
354844945919234,Samsung Xcover 7
354844945917667,Samsung Xcover 7
354844945921016,Samsung Xcover 7
354844945917626,Samsung Xcover 7
354844941114723,Samsung Xcover 7
354844941113840,Samsung Xcover 7
354844941112982,Samsung Xcover 7
354844941114210,Samsung Xcover 7
354844941113220,Samsung Xcover 7
354844941114988,Samsung Xcover 7
354844941115274,Samsung Xcover 7
354844941113428,Samsung Xcover 7
354844941112917,Samsung Xcover 7
354844941114491,Samsung Xcover 7
354844941113972,Samsung Xcover 7
354844941115639,Samsung Xcover 7
354844941115027,Samsung Xcover 7
354844941113139,Samsung Xcover 7
354844941113394,Samsung Xcover 7
354844941115696,Samsung Xcover 7
354844941113337,Samsung Xcover 7
354844941113170,Samsung Xcover 7
354844941113162,Samsung Xcover 7
354844941114376,Samsung Xcover 7
354844945252677,Samsung Xcover 7
354844945251372,Samsung Xcover 7
354844945255316,Samsung Xcover 7
354844945251380,Samsung Xcover 7
354844945184250,Samsung Xcover 7
354844945258195,Samsung Xcover 7
354844945257759,Samsung Xcover 7
354844945258021,Samsung Xcover 7
354844945254913,Samsung Xcover 7
354844945253030,Samsung Xcover 7
354844945900341,Samsung Xcover 7
354844945905290,Samsung Xcover 7
354844945904517,Samsung Xcover 7
354844945905316,Samsung Xcover 7
354844945904137,Samsung Xcover 7
354844945251562,Samsung Xcover 7
354844945255993,Samsung Xcover 7
354844945251208,Samsung Xcover 7
354844945257346,Samsung Xcover 7
354844945254954,Samsung Xcover 7
354844945906587,Samsung Xcover 7
354844945911124,Samsung Xcover 7
354844945903998,Samsung Xcover 7
354844945906140,Samsung Xcover 7
354844945911785,Samsung Xcover 7
354844945254228,Samsung Xcover 7
354844945253022,Samsung Xcover 7
354844945245796,Samsung Xcover 7
354844945257973,Samsung Xcover 7
354844945251315,Samsung Xcover 7
354844945910720,Samsung Xcover 7
354844945906793,Samsung Xcover 7
354844945230301,Samsung Xcover 7
354844945221920,Samsung Xcover 7
354844945222746,Samsung Xcover 7
354844945233610,Samsung Xcover 7
354844945225954,Samsung Xcover 7
354844945241076,Samsung Xcover 7
354844945230723,Samsung Xcover 7
354844945228073,Samsung Xcover 7
354844945232927,Samsung Xcover 7
354844945245986,Samsung Xcover 7
354844945230871,Samsung Xcover 7
354844945231143,Samsung Xcover 7
354844945231325,Samsung Xcover 7
354844945231317,Samsung Xcover 7
354844945227109,Samsung Xcover 7
354844945917675,Samsung Xcover 7
354844945905332,Samsung Xcover 7
354844945913542,Samsung Xcover 7
354844945229527,Samsung Xcover 7
354844945226887,Samsung Xcover 7
354844945234626,Samsung Xcover 7
354844945229519,Samsung Xcover 7
354844945228115,Samsung Xcover 7
354844945903816,Samsung Xcover 7
354844945921099,Samsung Xcover 7
354844945232398,Samsung Xcover 7
354844945244468,Samsung Xcover 7
354844945230848,Samsung Xcover 7
354844945224056,Samsung Xcover 7
354844945225541,Samsung Xcover 7
354844941115977,Samsung Xcover 7
354844941114228,Samsung Xcover 7
354844946506758,Samsung Xcover 7
354844947187400,Samsung Xcover 7
354844941113881,Samsung Xcover 7
354844946505875,Samsung Xcover 7
354844946503466,Samsung Xcover 7
354844947198167,Samsung Xcover 7
354844947142264,Samsung Xcover 7
354844946505560,Samsung Xcover 7
354844946503730,Samsung Xcover 7
354844947186212,Samsung Xcover 7
354844941114038,Samsung Xcover 7
354844941115597,Samsung Xcover 7
354844941114855,Samsung Xcover 7
354844947200385,Samsung Xcover 7
354844946505180,Samsung Xcover 7
354844946506386,Samsung Xcover 7
354844947133198,Samsung Xcover 7
354844947193473,Samsung Xcover 7
354844947187806,Samsung Xcover 7
354844941115605,Samsung Xcover 7
354844947199181,Samsung Xcover 7
354844947195270,Samsung Xcover 7
354844947199041,Samsung Xcover 7
354844941114053,Samsung Xcover 7
354844947192673,Samsung Xcover 7
354844947192053,Samsung Xcover 7
354844947192046,Samsung Xcover 7
354844947191188,Samsung Xcover 7
354844946504068,Samsung Xcover 7
354844946504290,Samsung Xcover 7
354844947191782,Samsung Xcover 7
354844946506824,Samsung Xcover 7
354844947133024,Samsung Xcover 7
354844946506857,Samsung Xcover 7
354844946503177,Samsung Xcover 7
354844946504092,Samsung Xcover 7
354844947188978,Samsung Xcover 7
354844947195346,Samsung Xcover 7
354844947196336,Samsung Xcover 7
354844947199215,Samsung Xcover 7
354844947200369,Samsung Xcover 7
354844947204833,Samsung Xcover 7
354844947198811,Samsung Xcover 7
354844947198282,Samsung Xcover 7
354844947203918,Samsung Xcover 7
354844947199231,Samsung Xcover 7
354844947196237,Samsung Xcover 7
354844947198779,Samsung Xcover 7
354844947205400,Samsung Xcover 7
354844947196849,Samsung Xcover 7
354844947198928,Samsung Xcover 7
354844947205061,Samsung Xcover 7
354844947138023,Samsung Xcover 7
354844947185800,Samsung Xcover 7
354844947198894,Samsung Xcover 7
354844947131127,Samsung Xcover 7
354844947132406,Samsung Xcover 7
354844947186923,Samsung Xcover 7
354844947199769,Samsung Xcover 7
354844947200146,Samsung Xcover 7
354844947197078,Samsung Xcover 7
354844947199934,Samsung Xcover 7
354844947199991,Samsung Xcover 7
354844947186915,Samsung Xcover 7
354844947185990,Samsung Xcover 7
354844947187574,Samsung Xcover 7
354844947146067,Samsung Xcover 7
354844947186006,Samsung Xcover 7
354844947137850,Samsung Xcover 7
354844947187285,Samsung Xcover 7
354844947131952,Samsung Xcover 7
354844947185719,Samsung Xcover 7
354844947186980,Samsung Xcover 7
354844947198936,Samsung Xcover 7
354844947134873,Samsung Xcover 7
354844947197946,Samsung Xcover 7
354844947197896,Samsung Xcover 7
354844947200138,Samsung Xcover 7
354844947198845,Samsung Xcover 7
354844947203751,Samsung Xcover 7
354844947196203,Samsung Xcover 7
354844947197326,Samsung Xcover 7
354844947200492,Samsung Xcover 7
354844947197060,Samsung Xcover 7
354844947197938,Samsung Xcover 7
354844947200823,Samsung Xcover 7
354844947199454,Samsung Xcover 7
354844947201037,Samsung Xcover 7
354844947132869,Samsung Xcover 7
354844947186659,Samsung Xcover 7
354844947137355,Samsung Xcover 7
354844947137629,Samsung Xcover 7
354844947187152,Samsung Xcover 7
354844947186337,Samsung Xcover 7
354844947187244,Samsung Xcover 7
354844947187426,Samsung Xcover 7
354844947137751,Samsung Xcover 7
354844947187293,Samsung Xcover 7
354844947187103,Samsung Xcover 7
354844947185933,Samsung Xcover 7
354844947194448,Samsung Xcover 7
354844947187350,Samsung Xcover 7
354844947137512,Samsung Xcover 7
354844947143486,Samsung Xcover 7
354844947185412,Samsung Xcover 7
354844947134626,Samsung Xcover 7
354844946503201,Samsung Xcover 7
354844947133693,Samsung Xcover 7
354844946506113,Samsung Xcover 7
354844947195247,Samsung Xcover 7
354844946507152,Samsung Xcover 7
354844947186097,Samsung Xcover 7
354844946505420,Samsung Xcover 7
354844946504415,Samsung Xcover 7
354844947194737,Samsung Xcover 7
354844946507046,Samsung Xcover 7
354844947200294,Samsung Xcover 7
354844947200120,Samsung Xcover 7
354844947205327,Samsung Xcover 7
354844947200104,Samsung Xcover 7
354844947186758,Samsung Xcover 7
354844947199736,Samsung Xcover 7
354844947198233,Samsung Xcover 7
354844947199728,Samsung Xcover 7
354844947198100,Samsung Xcover 7
354844947199322,Samsung Xcover 7
354844947190412,Samsung Xcover 7
354844947203074,Samsung Xcover 7
354844947203454,Samsung Xcover 7
354844947198183,Samsung Xcover 7
354844947194257,Samsung Xcover 7
354844947198506,Samsung Xcover 7
354844947203611,Samsung Xcover 7
354844947197235,Samsung Xcover 7
354844947186279,Samsung Xcover 7
354844947204163,Samsung Xcover 7
354844947135177,Samsung Xcover 7
354844947196070,Samsung Xcover 7
354844947132950,Samsung Xcover 7
354844947137033,Samsung Xcover 7
354844947195528,Samsung Xcover 7
354844947133289,Samsung Xcover 7
354844947187301,Samsung Xcover 7
354844947203694,Samsung Xcover 7
354844947202399,Samsung Xcover 7
354844947198985,Samsung Xcover 7
354844947196187,Samsung Xcover 7
354844947203959,Samsung Xcover 7
354844947133602,Samsung Xcover 7
354844947197383,Samsung Xcover 7
354844947186774,Samsung Xcover 7
354844947195833,Samsung Xcover 7
354844947136837,Samsung Xcover 7
354844947199421,Samsung Xcover 7
354844947200732,Samsung Xcover 7
354844947200401,Samsung Xcover 7
354844947198241,Samsung Xcover 7
354844947199629,Samsung Xcover 7
354844947196930,Samsung Xcover 7
354844947200518,Samsung Xcover 7
354844947199579,Samsung Xcover 7
354844947198431,Samsung Xcover 7
354844947188523,Samsung Xcover 7
354844941115142,Samsung Xcover 7
354844941114103,Samsung Xcover 7
354844947185602,Samsung Xcover 7
354844947186014,Samsung Xcover 7
354844947199983,Samsung Xcover 7
354844947203793,Samsung Xcover 7
354844947200153,Samsung Xcover 7
354844947131796,Samsung Xcover 7
354844947132018,Samsung Xcover 7
354844947196492,Samsung Xcover 7
354844947195478,Samsung Xcover 7
354844941113097,Samsung Xcover 7
354844947135482,Samsung Xcover 7
354844941114764,Samsung Xcover 7
354844947000553,Samsung Xcover 7
354844947196229,Samsung Xcover 7
354844947194422,Samsung Xcover 7
354844947195668,Samsung Xcover 7
354844947205277,Samsung Xcover 7
354844947195510,Samsung Xcover 7
354844947198399,Samsung Xcover 7
354844947195494,Samsung Xcover 7
354844947204783,Samsung Xcover 7
354844947194323,Samsung Xcover 7
354844947197110,Samsung Xcover 7
354844941112958,Samsung Xcover 7
354844947204882,Samsung Xcover 7
354844947137140,Samsung Xcover 7
354844947195544,Samsung Xcover 7
354844947131663,Samsung Xcover 7
354844947200278,Samsung Xcover 7
354844947131242,Samsung Xcover 7
354844947132349,Samsung Xcover 7
354844947200443,Samsung Xcover 7
354844947147776,Samsung Xcover 7
354844947133479,Samsung Xcover 7
354844947143296,Samsung Xcover 7
354844947205319,Samsung Xcover 7
354844947131986,Samsung Xcover 7
354844947186907,Samsung Xcover 7
354844947135193,Samsung Xcover 7
354844946506444,Samsung Xcover 7
354844947131630,Samsung Xcover 7
354844946504001,Samsung Xcover 7
354844947201755,Samsung Xcover 7
354844947135953,Samsung Xcover 7
354844947130921,Samsung Xcover 7
354844947194281,Samsung Xcover 7
354844947138213,Samsung Xcover 7
354844947186204,Samsung Xcover 7
354844947132091,Samsung Xcover 7
354844947133834,Samsung Xcover 7
354844947200021,Samsung Xcover 7
354844947186469,Samsung Xcover 7
354844947196757,Samsung Xcover 7
354844947204114,Samsung Xcover 7
354844947194513,Samsung Xcover 7
354844947196153,Samsung Xcover 7
354844947186576,Samsung Xcover 7
354844947131119,Samsung Xcover 7
354844947186162,Samsung Xcover 7
354844947185677,Samsung Xcover 7
354844947194240,Samsung Xcover 7
354844947143445,Samsung Xcover 7
354844947135664,Samsung Xcover 7
354844947134246,Samsung Xcover 7
354844947195312,Samsung Xcover 7
354844947137793,Samsung Xcover 7
354844947186568,Samsung Xcover 7
354844947137546,Samsung Xcover 7
354844947137009,Samsung Xcover 7
354844947186550,Samsung Xcover 7
354844947194414,Samsung Xcover 7
354844947131598,Samsung Xcover 7
354844947137801,Samsung Xcover 7
354844947133123,Samsung Xcover 7
354844947186188,Samsung Xcover 7
354844947185453,Samsung Xcover 7
354844947185594,Samsung Xcover 7
354844947186626,Samsung Xcover 7
354844947186667,Samsung Xcover 7
354844947131101,Samsung Xcover 7
354844947134105,Samsung Xcover 7
354844947185529,Samsung Xcover 7
354844947136712,Samsung Xcover 7
354844947202332,Samsung Xcover 7
354844947193515,Samsung Xcover 7
354844947198654,Samsung Xcover 7
354844947195031,Samsung Xcover 7
354844947199249,Samsung Xcover 7
354844947136829,Samsung Xcover 7
354844947195460,Samsung Xcover 7
354844947200724,Samsung Xcover 7
354844947132646,Samsung Xcover 7
354844947197037,Samsung Xcover 7
354844947198530,Samsung Xcover 7
354844947204395,Samsung Xcover 7
354844947195577,Samsung Xcover 7
354844947198720,Samsung Xcover 7
354844947186022,Samsung Xcover 7
354844947194992,Samsung Xcover 7
354844947134634,Samsung Xcover 7
354844947202928,Samsung Xcover 7
354844947204817,Samsung Xcover 7
354844947133057,Samsung Xcover 7
354844947137470,Samsung Xcover 7
354844947196781,Samsung Xcover 7
354844947136845,Samsung Xcover 7
354844947195288,Samsung Xcover 7
354844947193820,Samsung Xcover 7
354844947198092,Samsung Xcover 7
354844947203553,Samsung Xcover 7
354844947194471,Samsung Xcover 7
354844947194455,Samsung Xcover 7
354844947199777,Samsung Xcover 7
354844947134097,Samsung Xcover 7
354844947198514,Samsung Xcover 7
354844947195320,Samsung Xcover 7
354844947195809,Samsung Xcover 7
354844947136860,Samsung Xcover 7
354844947204262,Samsung Xcover 7
354844947144500,Samsung Xcover 7
354844947194372,Samsung Xcover 7
354844947194638,Samsung Xcover 7
354844947138049,Samsung Xcover 7
354844947118504,Samsung Xcover 7
354844947186618,Samsung Xcover 7
354844947135276,Samsung Xcover 7
354844947194307,Samsung Xcover 7
354844947190677,Samsung Xcover 7
354844947201425,Samsung Xcover 7
354844947196260,Samsung Xcover 7
354844947194497,Samsung Xcover 7
354844947195502,Samsung Xcover 7
354844947203371,Samsung Xcover 7
354844947196039,Samsung Xcover 7
354844947204403,Samsung Xcover 7
354844947131481,Samsung Xcover 7
354844947137660,Samsung Xcover 7
354844947133453,Samsung Xcover 7
354844947186782,Samsung Xcover 7
354844947199710,Samsung Xcover 7
354844947142280,Samsung Xcover 7
354844947136506,Samsung Xcover 7
354844947195486,Samsung Xcover 7
354844947201532,Samsung Xcover 7
354844947201896,Samsung Xcover 7
354844947205236,Samsung Xcover 7
354844947195023,Samsung Xcover 7
354844947196666,Samsung Xcover 7
354844947135524,Samsung Xcover 7
354844947131358,Samsung Xcover 7
354844941113287,Samsung Xcover 7
354844947204353,Samsung Xcover 7
354844947195106,Samsung Xcover 7
354844947204346,Samsung Xcover 7
354844947135565,Samsung Xcover 7
354844941113436,Samsung Xcover 7
354844947187160,Samsung Xcover 7
354844947132943,Samsung Xcover 7
354844946506428,Samsung Xcover 7
354844947131622,Samsung Xcover 7
354844947186956,Samsung Xcover 7
354844947197011,Samsung Xcover 7
354844947137181,Samsung Xcover 7
354844947199512,Samsung Xcover 7
354844946506063,Samsung Xcover 7
354844941113378,Samsung Xcover 7
354844941115530,Samsung Xcover 7
354844947132638,Samsung Xcover 7
354844947188127,Samsung Xcover 7
354844947131416,Samsung Xcover 7
354844941115613,Samsung Xcover 7
354844941114715,Samsung Xcover 7
354844947131580,Samsung Xcover 7
354844947187251,Samsung Xcover 7
354844947137421,Samsung Xcover 7
354844941114897,Samsung Xcover 7
354844947197441,Samsung Xcover 7
354844947198027,Samsung Xcover 7
354844947135409,Samsung Xcover 7
354844947203108,Samsung Xcover 7
354844947194596,Samsung Xcover 7
354844947198670,Samsung Xcover 7
354844947199306,Samsung Xcover 7
354844947198449,Samsung Xcover 7
354844947202407,Samsung Xcover 7
354844947131937,Samsung Xcover 7
354844947117118,Samsung Xcover 7
354844947188119,Samsung Xcover 7
354844947146687,Samsung Xcover 7
354844947140698,Samsung Xcover 7
354844947132315,Samsung Xcover 7
354844947137918,Samsung Xcover 7
354844947185818,Samsung Xcover 7
354844947186048,Samsung Xcover 7
354844947187269,Samsung Xcover 7
354844947196088,Samsung Xcover 7
354844947197185,Samsung Xcover 7
354844947136423,Samsung Xcover 7
354844947197144,Samsung Xcover 7
354844947185768,Samsung Xcover 7
354844946503383,Samsung Xcover 7
354844947132372,Samsung Xcover 7
354844946504340,Samsung Xcover 7
354844946505743,Samsung Xcover 7
354844947185909,Samsung Xcover 7
354844947186220,Samsung Xcover 7
354844947187186,Samsung Xcover 7
354844947203264,Samsung Xcover 7
354844947199520,Samsung Xcover 7
354844946504308,Samsung Xcover 7
354844947187764,Samsung Xcover 7
354844946506451,Samsung Xcover 7
354844947133578,Samsung Xcover 7
354844947131044,Samsung Xcover 7
354844947185784,Samsung Xcover 7
354844947135433,Samsung Xcover 7
354844947205301,Samsung Xcover 7
354844947198589,Samsung Xcover 7
354844947193465,Samsung Xcover 7
354844947187913,Samsung Xcover 7
354844947136431,Samsung Xcover 7
354844947203868,Samsung Xcover 7
354844947194232,Samsung Xcover 7
354844947193408,Samsung Xcover 7
354844947194695,Samsung Xcover 7
354844947135425,Samsung Xcover 7
354844947194406,Samsung Xcover 7
354844947198597,Samsung Xcover 7
354844947201862,Samsung Xcover 7
354844947196005,Samsung Xcover 7
354844947132257,Samsung Xcover 7
354844947137504,Samsung Xcover 7
354844947141753,Samsung Xcover 7
354844947132927,Samsung Xcover 7
354844947132919,Samsung Xcover 7
354844947186543,Samsung Xcover 7
354844947130970,Samsung Xcover 7
354844947195569,Samsung Xcover 7
354844947193721,Samsung Xcover 7
354844947192855,Samsung Xcover 7
354844947197912,Samsung Xcover 7
354844947188036,Samsung Xcover 7
354844947196518,Samsung Xcover 7
354844947199108,Samsung Xcover 7
354844947198621,Samsung Xcover 7
354844947133412,Samsung Xcover 7
354844947136977,Samsung Xcover 7
354844947196252,Samsung Xcover 7
354844947199645,Samsung Xcover 7
354844947200351,Samsung Xcover 7
354844947194943,Samsung Xcover 7
354844947199918,Samsung Xcover 7
354844947204700,Samsung Xcover 7
354844947196245,Samsung Xcover 7
354844947193341,Samsung Xcover 7
354844947194521,Samsung Xcover 7
354844947199025,Samsung Xcover 7
354844947194877,Samsung Xcover 7
354844947190396,Samsung Xcover 7
354844947198738,Samsung Xcover 7
354844947198373,Samsung Xcover 7
354844947196062,Samsung Xcover 7
354844947134659,Samsung Xcover 7
354844947133925,Samsung Xcover 7
354844947131648,Samsung Xcover 7
354844947187087,Samsung Xcover 7
354844947137306,Samsung Xcover 7
354844947149574,Samsung Xcover 7
354844947134642,Samsung Xcover 7
354844947136704,Samsung Xcover 7
354844947137652,Samsung Xcover 7
354844947142033,Samsung Xcover 7
354844947187210,Samsung Xcover 7
354844947186972,Samsung Xcover 7
354844947186089,Samsung Xcover 7
354844947203124,Samsung Xcover 7
354844947191600,Samsung Xcover 7
353632423318669,Samsung A56
353632423316473,Samsung A56
353632423349763,Samsung A56
353632423317034,Samsung A56
353632423316986,Samsung A56
353632423344210,Samsung A56
353632423318784,Samsung A56
353632423321382,Samsung A56
353632423340424,Samsung A56
353632423337198,Samsung A56
353632423349805,Samsung A56
353632423341182,Samsung A56
353632423317000,Samsung A56
353632423341224,Samsung A56
353632423321184,Samsung A56
353632423318495,Samsung A56
353632423348237,Samsung A56
353632423341067,Samsung A56
353632423348260,Samsung A56
353632423340465,Samsung A56
353632423299471,Samsung A56
353632423340416,Samsung A56
353632423341141,Samsung A56
353632423348245,Samsung A56
353632423341216,Samsung A56
353632423340358,Samsung A56
353632423341059,Samsung A56
353632423337446,Samsung A56
353632423341208,Samsung A56
353632423340432,Samsung A56
353632423340341,Samsung A56
353632423319360,Samsung A56
353632423264996,Samsung A56
353632423339285,Samsung A56
353632423359622,Samsung A56
353632423255630,Samsung A56
353632423338618,Samsung A56
353632423359341,Samsung A56
353632423299117,Samsung A56
353632423363137,Samsung A56
353632423316358,Samsung A56
353632423363715,Samsung A56
353632423318628,Samsung A56
353632423318560,Samsung A56
353632423361073,Samsung A56
353632423337610,Samsung A56
353632423265357,Samsung A56
353632423339194,Samsung A56
353632423337586,Samsung A56
353632423337602,Samsung A56
353632423265480,Samsung A56
353632423339152,Samsung A56
353632423339228,Samsung A56
353632423265514,Samsung A56
353632423339277,Samsung A56
353632423316739,Samsung A56
353632423316184,Samsung A56
353632423321531,Samsung A56
353632423361065,Samsung A56
353632423318396,Samsung A56
353632423319121,Samsung A56
353632423318537,Samsung A56
353632423318644,Samsung A56
353632423337495,Samsung A56
353632423318388,Samsung A56
353632423321234,Samsung A56
353632423316119,Samsung A56
353632423316531,Samsung A56
353632423318453,Samsung A56
353632423318180,Samsung A56
353632423288300,Samsung A56
353632423359184,Samsung A56
353632423297228,Samsung A56
353632423305468,Samsung A56
353632423362758,Samsung A56
353632423305716,Samsung A56
353632423362873,Samsung A56
353632423305641,Samsung A56
353632423355638,Samsung A56
353632423359598,Samsung A56
353632423359226,Samsung A56
353632423359374,Samsung A56
353632423359192,Samsung A56
353632423359150,Samsung A56
353632423359309,Samsung A56
353632423359390,Samsung A56
353632423360760,Samsung A56
353632423359697,Samsung A56
353632423359259,Samsung A56
353632423355844,Samsung A56
353632423360521,Samsung A56
353632423357162,Samsung A56
353632423359606,Samsung A56
353632423359465,Samsung A56
353632423359499,Samsung A56
353632423302291,Samsung A56
353632423265522,Samsung A56
353632423357311,Samsung A56
353632423337636,Samsung A56
353632423363228,Samsung A56
353632423359705,Samsung A56
353632423338600,Samsung A56
353632423359671,Samsung A56
353632423305351,Samsung A56
353632423299133,Samsung A56
353632423362980,Samsung A56
353632423299265,Samsung A56
353632423330078,Samsung A56
353632423360711,Samsung A56
353632423355430,Samsung A56
353632423330672,Samsung A56
353632423304271,Samsung A56
353632423360729,Samsung A56
353632423360745,Samsung A56
353632423360737,Samsung A56
353632423359895,Samsung A56
353632423360687,Samsung A56
353632423360661,Samsung A56
353632423360059,Samsung A56
353632423337537,Samsung A56
353632423340937,Samsung A56
353632423340861,Samsung A56
353632423340572,Samsung A56
353632423340663,Samsung A56
353632423337461,Samsung A56
353632423340408,Samsung A56
353632423337487,Samsung A56
353632423337420,Samsung A56
353632423337180,Samsung A56
353632423312852,Samsung A56
353632423337479,Samsung A56
353632423337388,Samsung A56
353632423337529,Samsung A56
353632423337511,Samsung A56
353632423340903,Samsung A56
353632423340598,Samsung A56
353632423337453,Samsung A56
353632423337438,Samsung A56
353632423361032,Samsung A56
353632423318610,Samsung A56
353632423359580,Samsung A56
353632423344178,Samsung A56
353632423330748,Samsung A56
353632423316721,Samsung A56
353632423360794,Samsung A56
353632423359614,Samsung A56
353632423362808,Samsung A56
353632423268591,Samsung A56
353632423320921,Samsung A56
353632423337008,Samsung A56
353632423268625,Samsung A56
353632423268674,Samsung A56
353632423336570,Samsung A56
353632423336547,Samsung A56
353632423335366,Samsung A56
353632423320970,Samsung A56
353632423336562,Samsung A56
353632423336653,Samsung A56
353632423335390,Samsung A56
353632423336505,Samsung A56
353632423336687,Samsung A56
353632423336695,Samsung A56
353632423357378,Samsung A56
353632423360679,Samsung A56
353632423330136,Samsung A56
353632423330565,Samsung A56
353632423355380,Samsung A56
353632423336927,Samsung A56
353632423330706,Samsung A56
353632423325136,Samsung A56
353632423360778,Samsung A56
353632423330219,Samsung A56
353632423291692,Samsung A56
353632423323875,Samsung A56
353632423326720,Samsung A56
353632423260713,Samsung A56
353632423272015,Samsung A56
353632423274326,Samsung A56
353632423272585,Samsung A56
353632423268609,Samsung A56
353632423260572,Samsung A56
353632423326829,Samsung A56
353632423272155,Samsung A56
353632423325599,Samsung A56
353632423268583,Samsung A56
353632423297665,Samsung A56
353632423265498,Samsung A56
353632423272254,Samsung A56
353632423274250,Samsung A56
353632423278020,Samsung A56
353632423260739,Samsung A56
353632423328163,Samsung A56
353632423341117,Samsung A56
353632423313306,Samsung A56
353632423340515,Samsung A56
353632423303604,Samsung A56
353632423340895,Samsung A56
353632423340887,Samsung A56
353632423306268,Samsung A56
353632423340770,Samsung A56
353632423311565,Samsung A56
353632423340721,Samsung A56
353632423303547,Samsung A56
353632423306300,Samsung A56
353632423340697,Samsung A56
353632423302101,Samsung A56
353632423335481,Samsung A56
353632423357410,Samsung A56
353632423255473,Samsung A56
353632423272106,Samsung A56
353632423348419,Samsung A56
353632423330912,Samsung A56
353632423320418,Samsung A56
353632423331001,Samsung A56
353632423359432,Samsung A56
353632423331092,Samsung A56
353632423337024,Samsung A56
353632423330607,Samsung A56
353632423331050,Samsung A56
353632423306409,Samsung A56
353632423331027,Samsung A56
353632423336661,Samsung A56
353632423336588,Samsung A56
353632423335358,Samsung A56
353632423336729,Samsung A56
353632423336745,Samsung A56
353632423268468,Samsung A56
353632423299687,Samsung A56
353632423324188,Samsung A56
353632423268633,Samsung A56
353632423330896,Samsung A56
353632423260580,Samsung A56
353632423330854,Samsung A56
353632423331118,Samsung A56
353632423314528,Samsung A56
353632423306425,Samsung A56
353632423334344,Samsung A56
353632423330797,Samsung A56
353632423330946,Samsung A56
353632423341042,Samsung A56
353632423323917,Samsung A56
353632423323974,Samsung A56
353632423363236,Samsung A56
353632423324071,Samsung A56
353632423336034,Samsung A56
353632423323735,Samsung A56
353632423336992,Samsung A56
353632423334666,Samsung A56
353632423337370,Samsung A56
353632423313025,Samsung A56
353632423336893,Samsung A56
353632423335705,Samsung A56
353632423340689,Samsung A56
353632423336638,Samsung A56
353632423336851,Samsung A56
353632423271884,Samsung A56
353632423300840,Samsung A56
353632423266876,Samsung A56
353632423300311,Samsung A56
353632423323909,Samsung A56
353632423300402,Samsung A56
353632423291536,Samsung A56
353632423268476,Samsung A56
353632423267056,Samsung A56
353632423338527,Samsung A56
353632423338485,Samsung A56
353632423336885,Samsung A56
353632423336711,Samsung A56
353632423338592,Samsung A56
353632423341299,Samsung A56
353632423335549,Samsung A56
353632423294597,Samsung A56
353632423294548,Samsung A56
353632423337651,Samsung A56
353632423338576,Samsung A56
353632423294456,Samsung A56
353632423338444,Samsung A56
353632423294472,Samsung A56
353632423337685,Samsung A56
353632423255168,Samsung A56
353632423339319,Samsung A56
353632423305120,Samsung A56
353632423339129,Samsung A56
353632423287682,Samsung A56
353632423337792,Samsung A56
353632423338543,Samsung A56
353632423287625,Samsung A56
353632423291726,Samsung A56
353632423337743,Samsung A56
353632423254963,Samsung A56
353632423255044,Samsung A56
353632423305807,Samsung A56
353632423310013,Samsung A56
353632423337693,Samsung A56
353632423339103,Samsung A56
353632423311482,Samsung A56
353632423311607,Samsung A56
353632423339111,Samsung A56
353632423341190,Samsung A56
353632423305526,Samsung A56
353632423319907,Samsung A56
353632423306342,Samsung A56
353632423311656,Samsung A56
353632423340796,Samsung A56
353632423278145,Samsung A56
353632423305302,Samsung A56
353632423302309,Samsung A56
353632423335457,Samsung A56
353632423335135,Samsung A56
353632423335630,Samsung A56
353632423335572,Samsung A56
353632423311524,Samsung A56
353632423305211,Samsung A56
353632423311508,Samsung A56
353632423335598,Samsung A56
353632423343089,Samsung A56
353632423323594,Samsung A56
353632423335275,Samsung A56
353632423335382,Samsung A56
353632423330086,Samsung A56
353632423324857,Samsung A56
353632423360216,Samsung A56
353632423360430,Samsung A56
353632423360398,Samsung A56
353632423360448,Samsung A56
353632423323826,Samsung A56
353632423360315,Samsung A56
353632423330466,Samsung A56
353632423360372,Samsung A56
353632423324865,Samsung A56
353632423330581,Samsung A56
353632423324907,Samsung A56
353632423360349,Samsung A56
353632423359929,Samsung A56
353632423341703,Samsung A56
353632423305013,Samsung A56
353632423337826,Samsung A56
353632423341687,Samsung A56
353632423305047,Samsung A56
353632423339186,Samsung A56
353632423338998,Samsung A56
353632423338089,Samsung A56
353632423337990,Samsung A56
353632423341729,Samsung A56
353632423338170,Samsung A56
353632423341588,Samsung A56
353632423265530,Samsung A56
353632423338121,Samsung A56
353632423264863,Samsung A56
353632423323792,Samsung A56
353632423313108,Samsung A56
353632423324030,Samsung A56
353632423324055,Samsung A56
353632423323776,Samsung A56
353632423313223,Samsung A56
353632423323651,Samsung A56
353632423334393,Samsung A56
353632423340978,Samsung A56
353632423341026,Samsung A56
353632423323933,Samsung A56
353632423324048,Samsung A56
353632423336059,Samsung A56
353632423323693,Samsung A56
353632423324154,Samsung A56
353632423334740,Samsung A56
353632423335986,Samsung A56
353632423338923,Samsung A56
353632423334609,Samsung A56
353632423334476,Samsung A56
353632423334641,Samsung A56
353632423305682,Samsung A56
353632423334443,Samsung A56
353632423335036,Samsung A56
353632423341307,Samsung A56
353632423278160,Samsung A56
353632423336455,Samsung A56
353632423334708,Samsung A56
353632423278046,Samsung A56
353632423337214,Samsung A56
353632423334419,Samsung A56
353632423336935,Samsung A56
353632423340747,Samsung A56
353632423335408,Samsung A56
353632423323818,Samsung A56
353632423330128,Samsung A56
353632423330458,Samsung A56
353632423360620,Samsung A56
353632423331100,Samsung A56
353632423330193,Samsung A56
353632423355679,Samsung A56
353632423299190,Samsung A56
353632423360646,Samsung A56
353632423330516,Samsung A56
353632423301905,Samsung A56
353632423362907,Samsung A56
353632423330094,Samsung A56
353632423330805,Samsung A56
353632423312878,Samsung A56
353632423321572,Samsung A56
353632423319030,Samsung A56
353632423316432,Samsung A56
353632423361099,Samsung A56
353632423348252,Samsung A56
353632423335374,Samsung A56
353632423316762,Samsung A56
353632423361057,Samsung A56
353632423317075,Samsung A56
353632423312860,Samsung A56
353632423337347,Samsung A56
353632423361149,Samsung A56
353632423321226,Samsung A56
353632423340739,Samsung A56
353632423323941,Samsung A56
353632423324105,Samsung A56
353632423326522,Samsung A56
353632423323834,Samsung A56
353632423334799,Samsung A56
353632423338832,Samsung A56
353632423325664,Samsung A56
353632423334781,Samsung A56
353632423324162,Samsung A56
353632423272130,Samsung A56
353632423326217,Samsung A56
353632423278244,Samsung A56
353632423272502,Samsung A56
353632423278228,Samsung A56
353632423274144,Samsung A56
353632423360133,Samsung A56
353632423360281,Samsung A56
353632423360331,Samsung A56
353632423360323,Samsung A56
353632423360299,Samsung A56
353632423360109,Samsung A56
353632423324956,Samsung A56
353632423324402,Samsung A56
353632423360265,Samsung A56
353632423324816,Samsung A56
353632423334807,Samsung A56
353632423324014,Samsung A56
353632423324261,Samsung A56
353632423278053,Samsung A56
353632423272239,Samsung A56
353632423336067,Samsung A56
353632423335200,Samsung A56
353632423336000,Samsung A56
353632423335788,Samsung A56
353632423335978,Samsung A56
353632423337230,Samsung A56
353632423335804,Samsung A56
353632423335242,Samsung A56
353632423323719,Samsung A56
353632423305278,Samsung A56
353632423341174,Samsung A56
353632423335887,Samsung A56
353632423335663,Samsung A56
353632423302259,Samsung A56
353632423335267,Samsung A56
353632423330235,Samsung A56
353632423299786,Samsung A56
353632423319436,Samsung A56
353632423268831,Samsung A56
353632423360893,Samsung A56
353632423361701,Samsung A56
353632423270324,Samsung A56
353632423286999,Samsung A56
353632423361768,Samsung A56
353632423319550,Samsung A56
353632423360406,Samsung A56
353632423360554,Samsung A56
353632423361644,Samsung A56
353632423360364,Samsung A56
353632423360570,Samsung A56
353632423360414,Samsung A56
353632423324691,Samsung A56
353632423360208,Samsung A56
353632423330540,Samsung A56
353632423359788,Samsung A56
353632423360471,Samsung A56
353632423360539,Samsung A56
353632423360612,Samsung A56
353632423359804,Samsung A56
353632423360174,Samsung A56
353632423313215,Samsung A56
353632423360497,Samsung A56
353632423360166,Samsung A56
353632423360091,Samsung A56
353632423360422,Samsung A56
353632423360505,Samsung A56
353632423360455,Samsung A56
353632423360513,Samsung A56
353632423360596,Samsung A56
353632423360083,Samsung A56
353632423360638,Samsung A56
353632423330763,Samsung A56
353632423330904,Samsung A56
353632423330730,Samsung A56
353632423330771,Samsung A56
353632423295917,Samsung A56
353632423296279,Samsung A56
353632423330847,Samsung A56
353632423295552,Samsung A56
353632423320038,Samsung A56
353632423270720,Samsung A56
353632423270712,Samsung A56
353632423270332,Samsung A56
353632423268757,Samsung A56
353632423319899,Samsung A56
353632423268716,Samsung A56
353632423270753,Samsung A56
353632423268898,Samsung A56
353632423319956,Samsung A56
353632423306821,Samsung A56
353632423271082,Samsung A56
353632423306599,Samsung A56
353632423305096,Samsung A56
353632423314312,Samsung A56
353632423304354,Samsung A56
353632423265217,Samsung A56
353632423273179,Samsung A56
353632423306151,Samsung A56
353632423303737,Samsung A56
353632423331035,Samsung A56
353632423355471,Samsung A56
353632423319329,Samsung A56
353632423306391,Samsung A56
353632423355570,Samsung A56
353632423319386,Samsung A56
353632423319618,Samsung A56
353632423305385,Samsung A56
353632423320582,Samsung A56
353632423355448,Samsung A56
353632423355596,Samsung A56
353632423271488,Samsung A56
353632423295644,Samsung A56
353632423295990,Samsung A56
353632423314031,Samsung A56
353632423363343,Samsung A56
353632423363327,Samsung A56
353632423309577,Samsung A56
353632423309270,Samsung A56
353632423363277,Samsung A56
353632423296105,Samsung A56
353632423295933,Samsung A56
353632423295974,Samsung A56
353632423295701,Samsung A56
353632423296063,Samsung A56
353632423295545,Samsung A56
353632423363335,Samsung A56
353632423357154,Samsung A56
353632423295651,Samsung A56
353632423295594,Samsung A56
353632423362790,Samsung A56
353632423295537,Samsung A56
353632423295958,Samsung A56
353632423296014,Samsung A56
353632423323685,Samsung A56
353632423324022,Samsung A56
353632423313165,Samsung A56
353632423323842,Samsung A56
353632423302267,Samsung A56
353632423312985,Samsung A56
353632423313074,Samsung A56
353632423313041,Samsung A56
353632423323982,Samsung A56
353632423335895,Samsung A56
353632423335754,Samsung A56
353632423335820,Samsung A56
353632423312977,Samsung A56
353632423323628,Samsung A56
353632423335432,Samsung A56
353632423296360,Samsung A56
353632423296972,Samsung A56
353632423296717,Samsung A56
353632423355802,Samsung A56
353632423271827,Samsung A56
353632423271835,Samsung A56
353632423362915,Samsung A56
353632423299166,Samsung A56
353632423296550,Samsung A56
353632423296576,Samsung A56
353632423323925,Samsung A56
353632423313140,Samsung A56
353632423323800,Samsung A56
353632423335762,Samsung A56
353632423324089,Samsung A56
353632423321135,Samsung A56
353632423337081,Samsung A56
353632423337099,Samsung A56
353632423320962,Samsung A56
353632423337131,Samsung A56
353632423296725,Samsung A56
353632423363053,Samsung A56
353632423362832,Samsung A56
353632423296089,Samsung A56
353632423362899,Samsung A56
353632423296584,Samsung A56
353632423296527,Samsung A56
353632423296436,Samsung A56
353632423295867,Samsung A56
353632423297178,Samsung A56
353632423320939,Samsung A56
353632423336281,Samsung A56
353632423320947,Samsung A56
353632423336984,Samsung A56
353632423336299,Samsung A56
353632423337123,Samsung A56
353632423337065,Samsung A56
353632423337073,Samsung A56
353632423320905,Samsung A56
353632423336166,Samsung A56
353632423337115,Samsung A56
353632423337172,Samsung A56
353632423320954,Samsung A56
353632423337107,Samsung A56
353632423336273,Samsung A56
353632423359317,Samsung A56
353632423296204,Samsung A56
353632423363152,Samsung A56
353632423363087,Samsung A56
353632423359333,Samsung A56
353632423271850,Samsung A56
353632423355745,Samsung A56
353632423296394,Samsung A56
353632423296378,Samsung A56
353632423359283,Samsung A56
353632423295776,Samsung A56
353632423296295,Samsung A56
353632423363160,Samsung A56
353632423330979,Samsung A56
353632423363202,Samsung A56
353632423295693,Samsung A56
353632423357212,Samsung A56
353632423359267,Samsung A56
353632423363178,Samsung A56
353632423362964,Samsung A56
353632423359564,Samsung A56
353632423360802,Samsung A56
353632423359549,Samsung A56
353632423271777,Samsung A56
353632423357253,Samsung A56
353632423363061,Samsung A56
353632423363103,Samsung A56
353632423362972,Samsung A56
353632423363004,Samsung A56
353632423357360,Samsung A56
353632423357402,Samsung A56
353632423359523,Samsung A56
353632423357287,Samsung A56
353632423357337,Samsung A56
353632423346405,Samsung A56
353632423416109,Samsung A56
353632423273906,Samsung A56
353632423269581,Samsung A56
353632423423139,Samsung A56
353632423416042,Samsung A56
353632423426843,Samsung A56
353632423268393,Samsung A56
353632423328015,Samsung A56
353632423415937,Samsung A56
353632423415895,Samsung A56
353632423410540,Samsung A56
353632423297467,Samsung A56
353632423410706,Samsung A56
353632423427577,Samsung A56
353632423426918,Samsung A56
353632423416166,Samsung A56
353632423410573,Samsung A56
353632423428971,Samsung A56
353632423415838,Samsung A56
353632423411019,Samsung A56
353632423416133,Samsung A56
353632423417289,Samsung A56
353632423423394,Samsung A56
353632423327629,Samsung A56
353632423270746,Samsung A56
353632423410821,Samsung A56
353632423270431,Samsung A56
353632423269086,Samsung A56
353632423361297,Samsung A56
353632423297095,Samsung A56
353632423293011,Samsung A56
353632423327694,Samsung A56
353632423300303,Samsung A56
353632423361628,Samsung A56
353632423271272,Samsung A56
353632423299869,Samsung A56
353632423270498,Samsung A56
353632423268732,Samsung A56
353632423297277,Samsung A56
353632423325748,Samsung A56
353632423299935,Samsung A56
353632423268914,Samsung A56
353632423319865,Samsung A56
353632423270381,Samsung A56
353632423270258,Samsung A56
353632423270514,Samsung A56
353632423270688,Samsung A56
353632423268229,Samsung A56
353632423348492,Samsung A56
353632423315228,Samsung A56
353632423315038,Samsung A56
353632423306458,Samsung A56
353632423270522,Samsung A56
353632423326308,Samsung A56
353632423326456,Samsung A56
353632423268260,Samsung A56
353632423306615,Samsung A56
353632423326050,Samsung A56
353632423306623,Samsung A56
353632423306573,Samsung A56
353632423263972,Samsung A56
353632423307084,Samsung A56
353632423330664,Samsung A56
353632423355760,Samsung A56
353632423360232,Samsung A56
353632423348146,Samsung A56
353632423330110,Samsung A56
353632423265605,Samsung A56
353632423330037,Samsung A56
353632423296931,Samsung A56
353632423339012,Samsung A56
353632423330649,Samsung A56
353632423297087,Samsung A56
353632423360182,Samsung A56
353632423355695,Samsung A56
353632423357386,Samsung A56
353632423357436,Samsung A56
353632423363046,Samsung A56
353632423295909,Samsung A56
353632423288797,Samsung A56
353632423296659,Samsung A56
353632423288706,Samsung A56
353632423296410,Samsung A56
353632423355752,Samsung A56
353632423357329,Samsung A56
353632423355414,Samsung A56
353632423357428,Samsung A56
353632423296543,Samsung A56
353632423355398,Samsung A56
353632423297103,Samsung A56
353632423357261,Samsung A56
353632423274169,Samsung A56
353632423327926,Samsung A56
353632423269821,Samsung A56
353632423301434,Samsung A56
353632423297632,Samsung A56
353632423325904,Samsung A56
353632423269169,Samsung A56
353632423270043,Samsung A56
353632423327983,Samsung A56
353632423326274,Samsung A56
353632423301210,Samsung A56
353632423274177,Samsung A56
353632423301152,Samsung A56
353632423325714,Samsung A56
353632423328056,Samsung A56
353632423326415,Samsung A56
353632423274367,Samsung A56
353632423303273,Samsung A56
353632423274276,Samsung A56
353632423274193,Samsung A56
353632423355554,Samsung A56
353632423320780,Samsung A56
353632423297640,Samsung A56
353632423348435,Samsung A56
353632423274359,Samsung A56
353632423360307,Samsung A56
353632423327868,Samsung A56
353632423343139,Samsung A56
353632423331076,Samsung A56
353632423327793,Samsung A56
353632423330888,Samsung A56
353632423270738,Samsung A56
353632423314890,Samsung A56
353632423306698,Samsung A56
353632423306607,Samsung A56
353632423271355,Samsung A56
353632423362998,Samsung A56
353632423330474,Samsung A56
353632423357303,Samsung A56
353632423330557,Samsung A56
353632423302218,Samsung A56
353632423363012,Samsung A56
353632423302143,Samsung A56
353632423357279,Samsung A56
353632423360836,Samsung A56
353632423362931,Samsung A56
353632423182842,Samsung A56
353632423195281,Samsung A56
353632423169849,Samsung A56
353632423319816,Samsung A56
353632423286320,Samsung A56
353632423270407,Samsung A56
353632423315566,Samsung A56
353632423270456,Samsung A56
353632423184350,Samsung A56
353632423270548,Samsung A56
353632423270597,Samsung A56
353632423319683,Samsung A56
353632423270589,Samsung A56
353632423195406,Samsung A56
353632423292385,Samsung A56
353632423306516,Samsung A56
353632423299737,Samsung A56
353632423306664,Samsung A56
353632423270506,Samsung A56
353632423306524,Samsung A56
353632423334500,Samsung A56
353632423298663,Samsung A56
353632423270373,Samsung A56
353632423306565,Samsung A56
353632423295727,Samsung A56
353632423437899,Samsung A56
353632423313991,Samsung A56
353632423438244,Samsung A56
353632423452294,Samsung A56
353632423452013,Samsung A56
353632423442030,Samsung A56
353632423330060,Samsung A56
353632423442238,Samsung A56
353632423452237,Samsung A56
353632423452385,Samsung A56
353632423442220,Samsung A56
353632423334450,Samsung A56
353632423330987,Samsung A56
353632423313348,Samsung A56
353632423452229,Samsung A56
353632423305658,Samsung A56
353632423288003,Samsung A56
353632423305732,Samsung A56
353632423278103,Samsung A56
353632423348518,Samsung A56
353632423297137,Samsung A56
353632423305237,Samsung A56
353632423296774,Samsung A56
353632423305609,Samsung A56
353632423296626,Samsung A56
353632423303216,Samsung A56
353632423296634,Samsung A56
353632423296303,Samsung A56
353632423296535,Samsung A56
353632423295818,Samsung A56
353632423262248,Samsung A56
353632423296667,Samsung A56
353632423303232,Samsung A56
353632423329237,Samsung A56
353632423296675,Samsung A56
353632423305146,Samsung A56
353632423362782,Samsung A56
353632423305724,Samsung A56
353632423296618,Samsung A56
353632423296790,Samsung A56
353632423296881,Samsung A56
353632423288649,Samsung A56
353632423296956,Samsung A56
353632423303257,Samsung A56
353632423296568,Samsung A56
353632423296907,Samsung A56
353632423296600,Samsung A56
353632423296865,Samsung A56
353632423296899,Samsung A56
353632423355794,Samsung A56
353632423296709,Samsung A56
353632423355786,Samsung A56
353632423297046,Samsung A56
353632423296873,Samsung A56
353632423296030,Samsung A56
353632423296592,Samsung A56
353632423297236,Samsung A56
353632423296840,Samsung A56
353632423363129,Samsung A56
353632423296519,Samsung A56
353632423200511,Samsung A56
353632423178188,Samsung A56
353632423197030,Samsung A56
353632423174260,Samsung A56
353632423180168,Samsung A56
353632423184392,Samsung A56
353632423190555,Samsung A56
353632423184376,Samsung A56
353632423163446,Samsung A56
353632423170292,Samsung A56
353632423180283,Samsung A56
353632423156499,Samsung A56
353632423178295,Samsung A56
353632423200263,Samsung A56
353632423156580,Samsung A56
353632423359721,Samsung A56
353632423362816,Samsung A56
353632423359234,Samsung A56
353632423330268,Samsung A56
353632423355711,Samsung A56
353632423359689,Samsung A56
353632423359176,Samsung A56
353632423359416,Samsung A56
353632423348633,Samsung A56
353632423362923,Samsung A56
353632423348310,Samsung A56
353632423305690,Samsung A56
353632423264814,Samsung A56
353632423340853,Samsung A56
353632423313702,Samsung A56
353632423265373,Samsung A56
353632423255689,Samsung A56
353632423341497,Samsung A56
353632423325771,Samsung A56
353632423265688,Samsung A56
353632423273971,Samsung A56
353632423325912,Samsung A56
353632423355455,Samsung A56
353632423355489,Samsung A56
353632423325730,Samsung A56
353632423319881,Samsung A56
353632423267973,Samsung A56
353632423348567,Samsung A56
353632423269201,Samsung A56
353632423307092,Samsung A56
353632423296782,Samsung A56
353632423296485,Samsung A56
353632423355661,Samsung A56
353632423295800,Samsung A56
353632423296402,Samsung A56
353632423296949,Samsung A56
353632423296642,Samsung A56
353632423296212,Samsung A56
353632423296501,Samsung A56
353632423305336,Samsung A56
353632423296683,Samsung A56
353632423296386,Samsung A56
353632423296162,Samsung A56
353632423304453,Samsung A56
353632423305138,Samsung A56
353632423267221,Samsung A56
353632423315186,Samsung A56
353632423271306,Samsung A56
353632423297053,Samsung A56
353632423361263,Samsung A56
353632423360877,Samsung A56
353632423294530,Samsung A56
353632423269433,Samsung A56
353632423361495,Samsung A56
353632423313736,Samsung A56
353632423182669,Samsung A56
353632423187072,Samsung A56
353632423180275,Samsung A56
353632423180655,Samsung A56
353632423184186,Samsung A56
353632423206104,Samsung A56
353632423180630,Samsung A56
353632423205957,Samsung A56
353632423180614,Samsung A56
353632423186876,Samsung A56
353632423180523,Samsung A56
353632423180564,Samsung A56
353632423180705,Samsung A56
353632423180747,Samsung A56
353632423176604,Samsung A56
353632423178436,Samsung A56
353632423190209,Samsung A56
353632423206146,Samsung A56
353632423182727,Samsung A56
353632423205965,Samsung A56
353632423355836,Samsung A56
353632423297061,Samsung A56
353632423296832,Samsung A56
353632423296857,Samsung A56
353632423296741,Samsung A56
353632423297251,Samsung A56
353632423296733,Samsung A56
353632423363111,Samsung A56
353632423296808,Samsung A56
353632423297020,Samsung A56
353632423296691,Samsung A56
353632423363095,Samsung A56
353632423296352,Samsung A56
353632423288854,Samsung A56
353632423297038,Samsung A56
353632423362949,Samsung A56
353632423296766,Samsung A56
353632423296816,Samsung A56
353632423295784,Samsung A56
353632423355778,Samsung A56
353632423318222,Samsung A56
353632423289829,Samsung A56
353632423330441,Samsung A56
353632423340952,Samsung A56
353632423303752,Samsung A56
353632423359648,Samsung A56
353632423320285,Samsung A56
353632423331068,Samsung A56
353632423318198,Samsung A56
353632423362774,Samsung A56
353632423294415,Samsung A56
353632423341380,Samsung A56
353632423301400,Samsung A56
353632423348591,Samsung A56
353632423348575,Samsung A56
353632423269524,Samsung A56
353632423273443,Samsung A56
353632423326233,Samsung A56
353632423274268,Samsung A56
353632423268203,Samsung A56
353632423359325,Samsung A56
353632423274227,Samsung A56
353632423355547,Samsung A56
353632423348559,Samsung A56
353632423355521,Samsung A56
353632423270704,Samsung A56
353632423306581,Samsung A56
353632423306532,Samsung A56
353632423271363,Samsung A56
353632423271140,Samsung A56
353632423319832,Samsung A56
353632423271116,Samsung A56
353632423299851,Samsung A56
353632423341422,Samsung A56
353632423305112,Samsung A56
353632423355505,Samsung A56
353632423269813,Samsung A56
353632423326266,Samsung A56
353632423270696,Samsung A56
353632423348500,Samsung A56
353632423273914,Samsung A56
353632423306110,Samsung A56
353632423303539,Samsung A56
353632423314023,Samsung A56
353632423328072,Samsung A56
353632423355356,Samsung A56
353632423260648,Samsung A56
353632423303356,Samsung A56
353632423266058,Samsung A56
353632423273831,Samsung A56
353632423305989,Samsung A56
353632423306177,Samsung A56
353632423274284,Samsung A56
353632423306003,Samsung A56
353632423320434,Samsung A56
353632423355612,Samsung A56
353632423274292,Samsung A56
353632423355653,Samsung A56
353632423355422,Samsung A56
353632423274300,Samsung A56
353632423315418,Samsung A56
353632423296980,Samsung A56
353632423361230,Samsung A56
353632423269839,Samsung A56
353632423361248,Samsung A56
353632423303877,Samsung A56
353632423361040,Samsung A56
353632423288862,Samsung A56
353632423306474,Samsung A56
353632423307779,Samsung A56
353632423297780,Samsung A56
353632423269607,Samsung A56
353632423327678,Samsung A56
353632423327710,Samsung A56
353632423326381,Samsung A56
353632423326357,Samsung A56
353632423273104,Samsung A56
353632423325961,Samsung A56
353632423327652,Samsung A56
353632423268690,Samsung A56
353632423327967,Samsung A56
353632423325755,Samsung A56
353632423268773,Samsung A56
353632423268724,Samsung A56
353632423297970,Samsung A56
353632423297731,Samsung A56
353632423313488,Samsung A56
353632423320459,Samsung A56
353632423355539,Samsung A56
353632423306276,Samsung A56
353632423320350,Samsung A56
353632423314015,Samsung A56
353632423355737,Samsung A56
353632423355687,Samsung A56
353632423314080,Samsung A56
353632423298671,Samsung A56
353632423313314,Samsung A56
353632423355372,Samsung A56
353632423355588,Samsung A56
353632423306193,Samsung A56
353632423314544,Samsung A56
353632423331019,Samsung A56
353632423330870,Samsung A56
353632423330524,Samsung A56
353632423330862,Samsung A56
353632423306441,Samsung A56
353632423306557,Samsung A56
353632423319972,Samsung A56
353632423306722,Samsung A56
353632423306649,Samsung A56
353632423271256,Samsung A56
353632423306540,Samsung A56
353632423271322,Samsung A56
353632423348450,Samsung A56
353632423328874,Samsung A56
353632423303554,Samsung A56
353632423313439,Samsung A56
353632423291577,Samsung A56
353632423320855,Samsung A56
353632423306417,Samsung A56
353632423337248,Samsung A56
353632423311573,Samsung A56
353632423320368,Samsung A56
353632423340911,Samsung A56
353632423340994,Samsung A56
353632423306029,Samsung A56
353632423313033,Samsung A56
353632423270308,Samsung A56
353632423306136,Samsung A56
353632423314478,Samsung A56
353632423361446,Samsung A56
353632423361156,Samsung A56
353632423361305,Samsung A56
353632423361651,Samsung A56
353632423340630,Samsung A56
353632423337263,Samsung A56
353632423312845,Samsung A56
353632423314148,Samsung A56
353632423289217,Samsung A56
353632423320053,Samsung A56
353632423341323,Samsung A56
353632423320061,Samsung A56
353632423348385,Samsung A56
353632423299950,Samsung A56
353632423266553,Samsung A56
353632423295842,Samsung A56
353632423295529,Samsung A56
353632423180754,Samsung A56
353632423361487,Samsung A56
353632423296915,Samsung A56
353632423361412,Samsung A56
353632423297244,Samsung A56
353632423288318,Samsung A56
353632423182537,Samsung A56
353632423179095,Samsung A56
353632423182560,Samsung A56
353632423182594,Samsung A56
353632423178196,Samsung A56
353632423183451,Samsung A56
353632423182610,Samsung A56
353632423183436,Samsung A56
353632423183485,Samsung A56
353632423182545,Samsung A56
353632423183527,Samsung A56
353632423182735,Samsung A56
353632423360158,Samsung A56
353632423178634,Samsung A56
353632423175911,Samsung A56
353632423334401,Samsung A56
353632423334526,Samsung A56
353632423177727,Samsung A56
353632423348161,Samsung A56
353632423179103,Samsung A56
353632423178600,Samsung A56
353632423359812,Samsung A56
353632423178675,Samsung A56
353632423178709,Samsung A56
353632423182776,Samsung A56
353632423416695,Samsung A56
353632423416760,Samsung A56
353632423416810,Samsung A56
353632423424012,Samsung A56
353632423415317,Samsung A56
353632423355703,Samsung A56
353632423330722,Samsung A56
353632423295503,Samsung A56
353632423295677,Samsung A56
353632423330755,Samsung A56
353632423295560,Samsung A56
353632423360828,Samsung A56
353632423363145,Samsung A56
353632423330839,Samsung A56
353632423359713,Samsung A56
353632423195513,Samsung A56
353632423178154,Samsung A56
353632423190845,Samsung A56
353632423195273,Samsung A56
353632423190837,Samsung A56
353632423199952,Samsung A56
353632423193922,Samsung A56
353632423190811,Samsung A56
353632423180226,Samsung A56
353632423184293,Samsung A56
353632423179582,Samsung A56
353632423195380,Samsung A56
353632423197139,Samsung A56
353632423191165,Samsung A56
353632423169302,Samsung A56
353632423197196,Samsung A56
353632423190639,Samsung A56
353632423191371,Samsung A56
353632423337404,Samsung A56
353632423178212,Samsung A56
353632423306235,Samsung A56
353632423301335,Samsung A56
353632423314924,Samsung A56
353632423313892,Samsung A56
353632423184020,Samsung A56
353632423340879,Samsung A56
353632423311615,Samsung A56
353632423306185,Samsung A56
353632423312787,Samsung A56
353632423312951,Samsung A56
353632423288771,Samsung A56
353632423361404,Samsung A56
353632423297194,Samsung A56
353632423303364,Samsung A56
353632423360901,Samsung A56
353632423270670,Samsung A56
353632423363079,Samsung A56
353632423270530,Samsung A56
353632423363020,Samsung A56
353632423270563,Samsung A56
353632423270654,Samsung A56
353632423291551,Samsung A56
353632423362881,Samsung A56
353632423355364,Samsung A56
353632423271843,Samsung A56
353632423262123,Samsung A56
353632423288607,Samsung A56
353632423288656,Samsung A56
353632423360927,Samsung A56
353632423286924,Samsung A56
353632423288631,Samsung A56
353632423297160,Samsung A56
353632423361388,Samsung A56
353632423288433,Samsung A56
353632423262032,Samsung A56
353632423360885,Samsung A56
353632423288508,Samsung A56
353632423297186,Samsung A56
353632423267544,Samsung A56
353632423361370,Samsung A56
353632423306367,Samsung A56
353632423313272,Samsung A56
353632423303570,Samsung A56
353632423348393,Samsung A56
353632423334427,Samsung A56
353632423313603,Samsung A56
353632423319527,Samsung A56
353632423306094,Samsung A56
353632423306219,Samsung A56
353632423306284,Samsung A56
353632423313330,Samsung A56
353632423306326,Samsung A56
353632423319246,Samsung A56
353632423306227,Samsung A56
353632423268328,Samsung A56
353632423319493,Samsung A56
353632423338519,Samsung A56
353632423319501,Samsung A56
353632423341158,Samsung A56
353632423319543,Samsung A56
353632423348427,Samsung A56
353632423340523,Samsung A56
353632423191447,Samsung A56
353632423340390,Samsung A56
353632423335416,Samsung A56
353632423338907,Samsung A56
353632423180143,Samsung A56
353632423181968,Samsung A56
353632423181877,Samsung A56
353632423197170,Samsung A56
353632423340762,Samsung A56
353632423341166,Samsung A56
353632423341315,Samsung A56
353632423338469,Samsung A56
353632423348344,Samsung A56
353632423319295,Samsung A56
353632423340481,Samsung A56
353632423348377,Samsung A56
353632423335523,Samsung A56
353632423348286,Samsung A56
353632423316200,Samsung A56
353632423318446,Samsung A56
353632423318404,Samsung A56
353632423318305,Samsung A56
353632423318032,Samsung A56
353632423270977,Samsung A56
353632423410862,Samsung A56
353632423423147,Samsung A56
353632423416075,Samsung A56
353632423301574,Samsung A56
353632423416059,Samsung A56
353632423415796,Samsung A56
353632423415978,Samsung A56
353632423410607,Samsung A56
353632423304131,Samsung A56
353632423309965,Samsung A56
353632423416141,Samsung A56
353632423267957,Samsung A56
353632423423402,Samsung A56
353632423304750,Samsung A56
353632423170334,Samsung A56
353632423184426,Samsung A56
353632423178253,Samsung A56
353632423193203,Samsung A56
353632423170797,Samsung A56
353632423177149,Samsung A56
353632423348534,Samsung A56
353632423178311,Samsung A56
353632423328023,Samsung A56
353632423178204,Samsung A56
353632423268294,Samsung A56
353632423178147,Samsung A56
353632423178162,Samsung A56
353632423327892,Samsung A56
353632423260929,Samsung A56
353632423307506,Samsung A56
353632423302473,Samsung A56
353632423309791,Samsung A56
353632423330508,Samsung A56
353632423299141,Samsung A56
353632423357295,Samsung A56
353632423357352,Samsung A56
353632423299174,Samsung A56
353632423359457,Samsung A56
353632423359630,Samsung A56
353632423363251,Samsung A56
353632423309486,Samsung A56
353632423309387,Samsung A56
353632423302028,Samsung A56
353632423357170,Samsung A56
353632423300121,Samsung A56
353632423302572,Samsung A56
353632423309981,Samsung A56
353632423308157,Samsung A56
353632423308298,Samsung A56
353632423302226,Samsung A56
353632423300147,Samsung A56
353632423310021,Samsung A56
353632423300196,Samsung A56
353632423307951,Samsung A56
353632423182552,Samsung A56
353632423178428,Samsung A56
353632423178303,Samsung A56
353632423190779,Samsung A56
353632423179129,Samsung A56
353632423181935,Samsung A56
353632423178352,Samsung A56
353632423304362,Samsung A56
353632423304305,Samsung A56
353632423309932,Samsung A56
353632423179251,Samsung A56
353632423304040,Samsung A56
353632423184418,Samsung A56
353632423302564,Samsung A56
353632423168411,Samsung A56
353632423432163,Samsung A56
353632423424913,Samsung A56
353632423416711,Samsung A56
353632423423808,Samsung A56
353632423414138,Samsung A56
353632423417081,Samsung A56
353632423416638,Samsung A56
353632423416687,Samsung A56
353632423431215,Samsung A56
353632423416620,Samsung A56
353632423416331,Samsung A56
353632423431082,Samsung A56
353632423416679,Samsung A56
353632423416869,Samsung A56
353632423416828,Samsung A56
353632423295768,Samsung A56
353632423360786,Samsung A56
353632423359440,Samsung A56
353632423361438,Samsung A56
353632423271348,Samsung A56
353632423361420,Samsung A56
353632423269458,Samsung A56
353632423267148,Samsung A56
353632423361396,Samsung A56
353632423267445,Samsung A56
353632423267502,Samsung A56
353632423361586,Samsung A56
353632423361602,Samsung A56
353632423361743,Samsung A56
353632423320327,Samsung A56
353632423269516,Samsung A56
353632423361354,Samsung A56
353632423297079,Samsung A56
353632423296188,Samsung A56
353632423296113,Samsung A56
353632423296048,Samsung A56
353632423296097,Samsung A56
353632423299208,Samsung A56
353632423296154,Samsung A56
353632423363269,Samsung A56
353632423296121,Samsung A56
353632423296261,Samsung A56
353632423296196,Samsung A56
353632423363244,Samsung A56
353632423296006,Samsung A56
353632423296311,Samsung A56
353632423363293,Samsung A56
353632423363319,Samsung A56
354844944058398,Samsung Xcover 7
350337177087493,Samsung A56
350337177086040,Samsung A56
350337177085372,Samsung A56
350337177087899,Samsung A56
354844945255084,Samsung Xcover 7
354844945254921,Samsung Xcover 7
354844945232109,Samsung Xcover 7
354844945248691,Samsung Xcover 7
354844945251596,Samsung Xcover 7
354844945252727,Samsung Xcover 7
354844945248378,Samsung Xcover 7
354844945253451,Samsung Xcover 7
354844945251778,Samsung Xcover 7
354844945255209,Samsung Xcover 7
354844945248436,Samsung Xcover 7
354844945257775,Samsung Xcover 7
354844945223058,Samsung Xcover 7
354844945251695,Samsung Xcover 7
354844945254004,Samsung Xcover 7
354844945902230,Samsung Xcover 7
354844945903519,Samsung Xcover 7
354844945901505,Samsung Xcover 7
354844945902008,Samsung Xcover 7
354844945901570,Samsung Xcover 7
354844945915091,Samsung Xcover 7
354844945920174,Samsung Xcover 7
354844945909334,Samsung Xcover 7
354844945899337,Samsung Xcover 7
354844945913781,Samsung Xcover 7
354844945906546,Samsung Xcover 7
354844945915646,Samsung Xcover 7
354844945921784,Samsung Xcover 7
354844945905506,Samsung Xcover 7
354844945906371,Samsung Xcover 7
354844945909359,Samsung Xcover 7
354844945920166,Samsung Xcover 7
354844945904418,Samsung Xcover 7
354844945911546,Samsung Xcover 7
354844945912627,Samsung Xcover 7
354844945911132,Samsung Xcover 7
354844945911561,Samsung Xcover 7
354844945914334,Samsung Xcover 7
354844945912106,Samsung Xcover 7
354844945912668,Samsung Xcover 7
354844945903568,Samsung Xcover 7
354844945905779,Samsung Xcover 7
354844945913369,Samsung Xcover 7
354844945911405,Samsung Xcover 7
354844945911595,Samsung Xcover 7
354844945909904,Samsung Xcover 7
354844945900762,Samsung Xcover 7
354844945922436,Samsung Xcover 7
354844945905746,Samsung Xcover 7
354844945914607,Samsung Xcover 7
354844945901695,Samsung Xcover 7
354844945916248,Samsung Xcover 7
354844945913682,Samsung Xcover 7
354844945907437,Samsung Xcover 7
354844945922444,Samsung Xcover 7
354844945900192,Samsung Xcover 7
354844945922089,Samsung Xcover 7
354844945920588,Samsung Xcover 7
354844945907494,Samsung Xcover 7
354844945919911,Samsung Xcover 7
354844945911348,Samsung Xcover 7
354844945907551,Samsung Xcover 7
354844945913690,Samsung Xcover 7
354844945914102,Samsung Xcover 7
354844945913666,Samsung Xcover 7
354844945912403,Samsung Xcover 7
354844945913740,Samsung Xcover 7
354844945902222,Samsung Xcover 7
354844945908302,Samsung Xcover 7
354844945902438,Samsung Xcover 7
354844945909417,Samsung Xcover 7
354844945920752,Samsung Xcover 7
354844945918137,Samsung Xcover 7
354844945916164,Samsung Xcover 7
354844945914037,Samsung Xcover 7
354844945913419,Samsung Xcover 7
354844945917758,Samsung Xcover 7
354844945911710,Samsung Xcover 7
354844945917592,Samsung Xcover 7
354844945915422,Samsung Xcover 7
354844945901943,Samsung Xcover 7
354844945918244,Samsung Xcover 7
354844945917584,Samsung Xcover 7
354844945919127,Samsung Xcover 7
354844945902552,Samsung Xcover 7
354844945918459,Samsung Xcover 7
354844945912940,Samsung Xcover 7
354844945913278,Samsung Xcover 7
354844945920257,Samsung Xcover 7
354844945920224,Samsung Xcover 7
354844945917030,Samsung Xcover 7
354844945909557,Samsung Xcover 7
354844945908385,Samsung Xcover 7
354844945921834,Samsung Xcover 7
354844945905811,Samsung Xcover 7
354844945915059,Samsung Xcover 7
354844945916925,Samsung Xcover 7
354844945904806,Samsung Xcover 7
354844945910720,Samsung Xcover 7
354844945906793,Samsung Xcover 7
354844945916735,Samsung Xcover 7
354844945907734,Samsung Xcover 7
354844945920422,Samsung Xcover 7
354844945911488,Samsung Xcover 7
354844945920455,Samsung Xcover 7
354844945905233,Samsung Xcover 7
354844945904087,Samsung Xcover 7
354844945903675,Samsung Xcover 7
354844945903352,Samsung Xcover 7
354844945907098,Samsung Xcover 7
354844945905456,Samsung Xcover 7
354844945904368,Samsung Xcover 7
354844945908229,Samsung Xcover 7
354844945904236,Samsung Xcover 7
354844945910050,Samsung Xcover 7
354844945907064,Samsung Xcover 7
354844945905266,Samsung Xcover 7
354844945905282,Samsung Xcover 7
354844945908419,Samsung Xcover 7
354844945906462,Samsung Xcover 7
354844948304442,Samsung Xcover 7
354844948298172,Samsung Xcover 7
354844948302206,Samsung Xcover 7
354844947189786,Samsung Xcover 7
354844947188960,Samsung Xcover 7
354844947188895,Samsung Xcover 7
354844947193085,Samsung Xcover 7
354844947188705,Samsung Xcover 7
354844947190842,Samsung Xcover 7
354844948296911,Samsung Xcover 7
354844948302099,Samsung Xcover 7
354844948296846,Samsung Xcover 7
354844948302230,Samsung Xcover 7
354844948301067,Samsung Xcover 7
354844947188333,Samsung Xcover 7
354844946685784,Samsung Xcover 7
354844946687285,Samsung Xcover 7
354844946684589,Samsung Xcover 7
354844946688572,Samsung Xcover 7
354844946682997,Samsung Xcover 7
354844948303436,Samsung Xcover 7
354844948298305,Samsung Xcover 7
354844948303923,Samsung Xcover 7
354844948292019,Samsung Xcover 7
354844948301919,Samsung Xcover 7
354844948300846,Samsung Xcover 7
354844948298982,Samsung Xcover 7
354844948303402,Samsung Xcover 7
354844948303444,Samsung Xcover 7
354844948298099,Samsung Xcover 7
354844946682963,Samsung Xcover 7
354844946686337,Samsung Xcover 7
354844946686162,Samsung Xcover 7
354844946696088,Samsung Xcover 7
354844946687079,Samsung Xcover 7
354844949135407,Samsung Xcover 7
354844949138526,Samsung Xcover 7
354844949137551,Samsung Xcover 7
354844949182177,Samsung Xcover 7
354844949142189,Samsung Xcover 7
354844949140167,Samsung Xcover 7
354844949138666,Samsung Xcover 7
354844949135134,Samsung Xcover 7
354844949182250,Samsung Xcover 7
354844949135118,Samsung Xcover 7
354844946695353,Samsung Xcover 7
354844949138112,Samsung Xcover 7
354844949136835,Samsung Xcover 7
354844949135860,Samsung Xcover 7
354844949138088,Samsung Xcover 7
354844949141934,Samsung Xcover 7
354844949139136,Samsung Xcover 7
354844949136165,Samsung Xcover 7
354844949141876,Samsung Xcover 7
354844949142817,Samsung Xcover 7
354844949134988,Samsung Xcover 7
354844946694620,Samsung Xcover 7
354844946683771,Samsung Xcover 7
354844946686006,Samsung Xcover 7
354844946686915,Samsung Xcover 7
354844946683623,Samsung Xcover 7
354844946697151,Samsung Xcover 7
354844946694042,Samsung Xcover 7
354844946684894,Samsung Xcover 7
354844946694851,Samsung Xcover 7
354844946683714,Samsung Xcover 7
354844946687673,Samsung Xcover 7
354844946696229,Samsung Xcover 7
354844946685024,Samsung Xcover 7
354844946684639,Samsung Xcover 7
354844946683417,Samsung Xcover 7
354844946684621,Samsung Xcover 7
354844946686600,Samsung Xcover 7
354844946683862,Samsung Xcover 7
354844946686725,Samsung Xcover 7
354844946686477,Samsung Xcover 7
354844946697060,Samsung Xcover 7
354844946695783,Samsung Xcover 7
354844946695171,Samsung Xcover 7
354844946694364,Samsung Xcover 7
354844946686295,Samsung Xcover 7
354844946686493,Samsung Xcover 7
354844946694158,Samsung Xcover 7
354844946696062,Samsung Xcover 7
354844946686873,Samsung Xcover 7
354844946696294,Samsung Xcover 7
354844946684902,Samsung Xcover 7
354844946687657,Samsung Xcover 7
354844946694497,Samsung Xcover 7
354844946694984,Samsung Xcover 7
354844946685982,Samsung Xcover 7
354844946687343,Samsung Xcover 7
354844949142114,Samsung Xcover 7
354844949142346,Samsung Xcover 7
354844949135688,Samsung Xcover 7
354844946687822,Samsung Xcover 7
354844948300861,Samsung Xcover 7
354844949141090,Samsung Xcover 7
354844947189174,Samsung Xcover 7
354844949182201,Samsung Xcover 7
354844949135399,Samsung Xcover 7
354844948302214,Samsung Xcover 7
354844947190222,Samsung Xcover 7
354844949136694,Samsung Xcover 7
354844949141116,Samsung Xcover 7
354844946697300,Samsung Xcover 7
354844946687202,Samsung Xcover 7
354844946694802,Samsung Xcover 7
354844946685909,Samsung Xcover 7
354844946697318,Samsung Xcover 7
354844946686691,Samsung Xcover 7
354844946686758,Samsung Xcover 7
354844946695726,Samsung Xcover 7
354844946683755,Samsung Xcover 7
354844946686246,Samsung Xcover 7
354844946686766,Samsung Xcover 7
354844946694323,Samsung Xcover 7
354844948027936,Samsung Xcover 7
354844948026664,Samsung Xcover 7
354844948017424,Samsung Xcover 7
354844948031524,Samsung Xcover 7
354844948025716,Samsung Xcover 7
354844948027365,Samsung Xcover 7
354844948018836,Samsung Xcover 7
354844948017143,Samsung Xcover 7
354844948018174,Samsung Xcover 7
354844948019271,Samsung Xcover 7
354844948019297,Samsung Xcover 7
354844948031979,Samsung Xcover 7
354844946687293,Samsung Xcover 7
354844948026953,Samsung Xcover 7
354844946694000,Samsung Xcover 7
354844946696195,Samsung Xcover 7
354844948032035,Samsung Xcover 7
354844948015600,Samsung Xcover 7
354844946696278,Samsung Xcover 7
354844946684431,Samsung Xcover 7
354844946687616,Samsung Xcover 7
354844946697052,Samsung Xcover 7
354844946684241,Samsung Xcover 7
354844946684423,Samsung Xcover 7
354844946684266,Samsung Xcover 7
354844946683136,Samsung Xcover 7
354844946684001,Samsung Xcover 7
354844946696013,Samsung Xcover 7
354844946682906,Samsung Xcover 7
354844946685388,Samsung Xcover 7
354844946694596,Samsung Xcover 7
354844946686253,Samsung Xcover 7
354844946685545,Samsung Xcover 7
354844946685131,Samsung Xcover 7
354844946685099,Samsung Xcover 7
354844946687442,Samsung Xcover 7
354844946687749,Samsung Xcover 7
354844946685420,Samsung Xcover 7
354844946695536,Samsung Xcover 7
354844946694679,Samsung Xcover 7
354844946694513,Samsung Xcover 7
354844946685511,Samsung Xcover 7
354844946684670,Samsung Xcover 7
354844946695809,Samsung Xcover 7
354844946696179,Samsung Xcover 7
354844947351196,Samsung Xcover 7
354844948274488,Samsung Xcover 7
354844948292225,Samsung Xcover 7
354844948018224,Samsung Xcover 7
354844948027951,Samsung Xcover 7
354844948025153,Samsung Xcover 7
354844948027126,Samsung Xcover 7
354844948032019,Samsung Xcover 7
354844948018711,Samsung Xcover 7
354844948029601,Samsung Xcover 7
354844948031250,Samsung Xcover 7
354844948028306,Samsung Xcover 7
354844948035780,Samsung Xcover 7
354844948029791,Samsung Xcover 7
354844948031318,Samsung Xcover 7
354844948029627,Samsung Xcover 7
354844948035913,Samsung Xcover 7
354844948030328,Samsung Xcover 7
354844948029726,Samsung Xcover 7
354844948017747,Samsung Xcover 7
354844948031334,Samsung Xcover 7
354844948037877,Samsung Xcover 7
354844948031987,Samsung Xcover 7
354844948015527,Samsung Xcover 7
354844948298628,Samsung Xcover 7
354844948024404,Samsung Xcover 7
354844948300887,Samsung Xcover 7
354844948031995,Samsung Xcover 7
354844948297091,Samsung Xcover 7
354844948017598,Samsung Xcover 7
354844948297471,Samsung Xcover 7
354844948017275,Samsung Xcover 7
354844948297463,Samsung Xcover 7
354844948299915,Samsung Xcover 7
354844948292738,Samsung Xcover 7
354844948297455,Samsung Xcover 7
354844948300218,Samsung Xcover 7
354844948294700,Samsung Xcover 7
354844948292142,Samsung Xcover 7
354844948296044,Samsung Xcover 7
354844948298636,Samsung Xcover 7
354844948299907,Samsung Xcover 7
354844948296051,Samsung Xcover 7
354844948303170,Samsung Xcover 7
354844948297398,Samsung Xcover 7
354844948297430,Samsung Xcover 7
354844948297679,Samsung Xcover 7
354844948290310,Samsung Xcover 7
354844946687558,Samsung Xcover 7
354844946685149,Samsung Xcover 7
354844946685396,Samsung Xcover 7
354844946685644,Samsung Xcover 7
354844946688671,Samsung Xcover 7
354844946684928,Samsung Xcover 7
354844946685123,Samsung Xcover 7
354844946687400,Samsung Xcover 7
354844946684951,Samsung Xcover 7
354844946685214,Samsung Xcover 7
354844946684068,Samsung Xcover 7
354844946685222,Samsung Xcover 7
354844946688440,Samsung Xcover 7
354844946685933,Samsung Xcover 7
354844946684936,Samsung Xcover 7
354844947373679,Samsung Xcover 7
354844947368950,Samsung Xcover 7
354844947349695,Samsung Xcover 7
354844947375732,Samsung Xcover 7
354844949134780,Samsung Xcover 7
354844947367234,Samsung Xcover 7
354844947368075,Samsung Xcover 7
354844947350776,Samsung Xcover 7
354844947355700,Samsung Xcover 7
354844949136850,Samsung Xcover 7
354844947378181,Samsung Xcover 7
354844947373075,Samsung Xcover 7
354844947348978,Samsung Xcover 7
354844947374537,Samsung Xcover 7
354844949137940,Samsung Xcover 7
354844949136009,Samsung Xcover 7
354844949145281,Samsung Xcover 7
354844949132362,Samsung Xcover 7
354844949135514,Samsung Xcover 7
354844949139193,Samsung Xcover 7
354844949134855,Samsung Xcover 7
354844949136785,Samsung Xcover 7
354844949135050,Samsung Xcover 7
354844949135001,Samsung Xcover 7
354844949140142,Samsung Xcover 7
354844949136074,Samsung Xcover 7
354844949135498,Samsung Xcover 7
354844949136579,Samsung Xcover 7
354844949142312,Samsung Xcover 7
354844949135746,Samsung Xcover 7
354844946489419,Samsung Xcover 7
354844946489401,Samsung Xcover 7
354844946505206,Samsung Xcover 7
354844946504571,Samsung Xcover 7
354844946504753,Samsung Xcover 7
354844946503573,Samsung Xcover 7
354844946490169,Samsung Xcover 7
354844946504134,Samsung Xcover 7
354844946504977,Samsung Xcover 7
354844946503615,Samsung Xcover 7
354844946505123,Samsung Xcover 7
354844946504605,Samsung Xcover 7
354844946505255,Samsung Xcover 7
354844946503441,Samsung Xcover 7
354844946505818,Samsung Xcover 7
354844946506246,Samsung Xcover 7
354844946504670,Samsung Xcover 7
354844946504837,Samsung Xcover 7
354844946504126,Samsung Xcover 7
354844946504829,Samsung Xcover 7
354844948304137,Samsung Xcover 7
354844948297596,Samsung Xcover 7
354844948296143,Samsung Xcover 7
354844948303162,Samsung Xcover 7
354844948291987,Samsung Xcover 7
354844948303063,Samsung Xcover 7
354844948268100,Samsung Xcover 7
354844948299246,Samsung Xcover 7
354844948299394,Samsung Xcover 7
354844948298644,Samsung Xcover 7
354844946683466,Samsung Xcover 7
354844946695163,Samsung Xcover 7
354844946685586,Samsung Xcover 7
354844946695254,Samsung Xcover 7
354844946694026,Samsung Xcover 7
354844946694752,Samsung Xcover 7
354844946695403,Samsung Xcover 7
354844946695528,Samsung Xcover 7
354844946695114,Samsung Xcover 7
354844946686121,Samsung Xcover 7
354844946683474,Samsung Xcover 7
354844946694588,Samsung Xcover 7
354844946685289,Samsung Xcover 7
354844946687335,Samsung Xcover 7
354844946695734,Samsung Xcover 7
354844949634649,Samsung Xcover 7
354844948300945,Samsung Xcover 7
354844948291276,Samsung Xcover 7
354844949637824,Samsung Xcover 7
354844949634169,Samsung Xcover 7
354844949637865,Samsung Xcover 7
354844948291896,Samsung Xcover 7
354844949634318,Samsung Xcover 7
354844949634631,Samsung Xcover 7
354844949635372,Samsung Xcover 7
354844949638020,Samsung Xcover 7
354844949634987,Samsung Xcover 7
354844949637717,Samsung Xcover 7
354844949635026,Samsung Xcover 7
354844949635281,Samsung Xcover 7
354844949637857,Samsung Xcover 7
354844947375302,Samsung Xcover 7
354844947370931,Samsung Xcover 7
354844949635034,Samsung Xcover 7
354844949634961,Samsung Xcover 7
354844947367226,Samsung Xcover 7
354844949634151,Samsung Xcover 7
354844947351311,Samsung Xcover 7
354844949635018,Samsung Xcover 7
354844949635075,Samsung Xcover 7
354844949635083,Samsung Xcover 7
354844947374073,Samsung Xcover 7
354844949637667,Samsung Xcover 7
354844947368133,Samsung Xcover 7
354844947349760,Samsung Xcover 7
354844948015360,Samsung Xcover 7
354844948017853,Samsung Xcover 7
354844948019388,Samsung Xcover 7
354844948026193,Samsung Xcover 7
354844948026581,Samsung Xcover 7
354844948297190,Samsung Xcover 7
354844948303204,Samsung Xcover 7
354844948299303,Samsung Xcover 7
354844948291979,Samsung Xcover 7
354844948303196,Samsung Xcover 7
354844948299923,Samsung Xcover 7
354844948292266,Samsung Xcover 7
354844948297109,Samsung Xcover 7
354844948292001,Samsung Xcover 7
354844948293330,Samsung Xcover 7
354844948017416,Samsung Xcover 7
354844948015675,Samsung Xcover 7
354844948029494,Samsung Xcover 7
354844948030500,Samsung Xcover 7
354844948016343,Samsung Xcover 7
354844948030781,Samsung Xcover 7
354844948035053,Samsung Xcover 7
354844948025757,Samsung Xcover 7
354844948033199,Samsung Xcover 7
354844948017754,Samsung Xcover 7
354844948030831,Samsung Xcover 7
354844948015980,Samsung Xcover 7
354844948030567,Samsung Xcover 7
354844948034478,Samsung Xcover 7
354844948027977,Samsung Xcover 7
354844949141553,Samsung Xcover 7
354844949136058,Samsung Xcover 7
354844949141587,Samsung Xcover 7
354844949139771,Samsung Xcover 7
354844949139789,Samsung Xcover 7
354844949137833,Samsung Xcover 7
354844948296150,Samsung Xcover 7
354844949142171,Samsung Xcover 7
354844948300309,Samsung Xcover 7
354844949139458,Samsung Xcover 7
354844949129749,Samsung Xcover 7
354844949139755,Samsung Xcover 7
354844948304079,Samsung Xcover 7
354844948296200,Samsung Xcover 7
354844948303139,Samsung Xcover 7
354844948297208,Samsung Xcover 7
354844948299105,Samsung Xcover 7
354844948300283,Samsung Xcover 7
354844948296275,Samsung Xcover 7
354844948304053,Samsung Xcover 7
354844948297943,Samsung Xcover 7
354844948303147,Samsung Xcover 7
354844948292498,Samsung Xcover 7
354844948296127,Samsung Xcover 7
354844948303899,Samsung Xcover 7
354844948300291,Samsung Xcover 7
354844948296218,Samsung Xcover 7
354844948295723,Samsung Xcover 7
354844948299253,Samsung Xcover 7
354844948301398,Samsung Xcover 7
354844949139615,Samsung Xcover 7
354844949133402,Samsung Xcover 7
354844948297141,Samsung Xcover 7
354844948291326,Samsung Xcover 7
354844948292233,Samsung Xcover 7
354844948300895,Samsung Xcover 7
354844948298651,Samsung Xcover 7
354844949638822,Samsung Xcover 7
354844948302792,Samsung Xcover 7
354844949639432,Samsung Xcover 7
354844948290674,Samsung Xcover 7
354844948292456,Samsung Xcover 7
354844948300879,Samsung Xcover 7
354844949640075,Samsung Xcover 7
354844948300317,Samsung Xcover 7
354844949634300,Samsung Xcover 7
354844949634235,Samsung Xcover 7
354844949636883,Samsung Xcover 7
354844949637584,Samsung Xcover 7
354844949636024,Samsung Xcover 7
354844949634581,Samsung Xcover 7
354844949634946,Samsung Xcover 7
354844949635935,Samsung Xcover 7
354844949638079,Samsung Xcover 7
354844949634292,Samsung Xcover 7
354844947201573,Samsung Xcover 7
354844947192442,Samsung Xcover 7
354844947190065,Samsung Xcover 7
354844947228014,Samsung Xcover 7
354844947205442,Samsung Xcover 7
354844947200633,Samsung Xcover 7
354844947227982,Samsung Xcover 7
354844947228022,Samsung Xcover 7
354844947191170,Samsung Xcover 7
354844947201615,Samsung Xcover 7
354844947190669,Samsung Xcover 7
354844947131739,Samsung Xcover 7
354844947197508,Samsung Xcover 7
354844947190933,Samsung Xcover 7
354844947200179,Samsung Xcover 7
354844947192491,Samsung Xcover 7
354844947137645,Samsung Xcover 7
354844947228766,Samsung Xcover 7
354844947191634,Samsung Xcover 7
354844947192467,Samsung Xcover 7
354844948300424,Samsung Xcover 7
354844948300952,Samsung Xcover 7
354844948291995,Samsung Xcover 7
354844948292084,Samsung Xcover 7
354844948291060,Samsung Xcover 7
354844948291300,Samsung Xcover 7
354844948291920,Samsung Xcover 7
354844948292191,Samsung Xcover 7
354844948295798,Samsung Xcover 7
354844948290344,Samsung Xcover 7
354844948300747,Samsung Xcover 7
354844948300390,Samsung Xcover 7
354844948293173,Samsung Xcover 7
354844948301117,Samsung Xcover 7
354844948291201,Samsung Xcover 7
354844949137247,Samsung Xcover 7
354844949135845,Samsung Xcover 7
354844949143666,Samsung Xcover 7
354844949142213,Samsung Xcover 7
354844946687467,Samsung Xcover 7
354844949139854,Samsung Xcover 7
354844949138591,Samsung Xcover 7
354844946687418,Samsung Xcover 7
354844949133568,Samsung Xcover 7
354844946695205,Samsung Xcover 7
354844946695072,Samsung Xcover 7
354844949141181,Samsung Xcover 7
354844949142163,Samsung Xcover 7
354844946688861,Samsung Xcover 7
354844949135662,Samsung Xcover 7
354844946684878,Samsung Xcover 7
354844946683318,Samsung Xcover 7
354844946687624,Samsung Xcover 7
354844946694844,Samsung Xcover 7
354844946684886,Samsung Xcover 7
354844946694059,Samsung Xcover 7
354844946684522,Samsung Xcover 7
354844946694067,Samsung Xcover 7
354844946683482,Samsung Xcover 7
354844946695460,Samsung Xcover 7
354844946685818,Samsung Xcover 7
354844946684233,Samsung Xcover 7
354844946684530,Samsung Xcover 7
354844946687525,Samsung Xcover 7
354844946694562,Samsung Xcover 7
354844947371541,Samsung Xcover 7
354844947366905,Samsung Xcover 7
354844947370683,Samsung Xcover 7
354844947371616,Samsung Xcover 7
354844947370790,Samsung Xcover 7
354844949634573,Samsung Xcover 7
354844949634748,Samsung Xcover 7
354844949635620,Samsung Xcover 7
354844949637535,Samsung Xcover 7
354844949636958,Samsung Xcover 7
354844949635323,Samsung Xcover 7
354844949634714,Samsung Xcover 7
354844949634656,Samsung Xcover 7
354844949635794,Samsung Xcover 7
354844949637543,Samsung Xcover 7
354844947371772,Samsung Xcover 7
354844947372127,Samsung Xcover 7
354844947351485,Samsung Xcover 7
354844947370030,Samsung Xcover 7
354844947352392,Samsung Xcover 7
354844947375161,Samsung Xcover 7
354844947372952,Samsung Xcover 7
354844947370170,Samsung Xcover 7
354844947351469,Samsung Xcover 7
354844947379346,Samsung Xcover 7
354844947370709,Samsung Xcover 7
354844947358837,Samsung Xcover 7
354844947355213,Samsung Xcover 7
354844947359363,Samsung Xcover 7
354844947374651,Samsung Xcover 7
354844946686501,Samsung Xcover 7
354844948296002,Samsung Xcover 7
354844946695031,Samsung Xcover 7
354844946686303,Samsung Xcover 7
354844946684050,Samsung Xcover 7
354844946687392,Samsung Xcover 7
354844946687269,Samsung Xcover 7
354844946686410,Samsung Xcover 7
354844946695189,Samsung Xcover 7
354844948302321,Samsung Xcover 7
354844946686584,Samsung Xcover 7
354844946685537,Samsung Xcover 7
354844948296929,Samsung Xcover 7
354844946685040,Samsung Xcover 7
354844946686055,Samsung Xcover 7
354844948291045,Samsung Xcover 7
354844948302313,Samsung Xcover 7
354844948304210,Samsung Xcover 7
354844946695981,Samsung Xcover 7
354844946687665,Samsung Xcover 7
354844946684845,Samsung Xcover 7
354844946694224,Samsung Xcover 7
354844946683391,Samsung Xcover 7
354844946684720,Samsung Xcover 7
354844946687483,Samsung Xcover 7
354844946685628,Samsung Xcover 7
354844948291508,Samsung Xcover 7
354844948296721,Samsung Xcover 7
354844948297513,Samsung Xcover 7
354844948292571,Samsung Xcover 7
353632423321101,Samsung A56
353632423337438,Samsung A56
353632423344145,Samsung A56
353632423361032,Samsung A56
353632423318610,Samsung A56
353632423318248,Samsung A56
353632423359580,Samsung A56
353632423344178,Samsung A56
353632423330748,Samsung A56
353632423316788,Samsung A56
353632423316721,Samsung A56
353632423316879,Samsung A56
353632423360794,Samsung A56
353632423359614,Samsung A56
353632423362808,Samsung A56
352057763092479,Samsung A56
352057763160961,Samsung A56
352057763161258,Samsung A56
352057763161217,Samsung A56
352057763144650,Samsung A56
352057763161001,Samsung A56
352057763144759,Samsung A56
352057763162603,Samsung A56
352057763161829,Samsung A56
352057763144700,Samsung A56
352057763161795,Samsung A56
352057763162611,Samsung A56
352057763162660,Samsung A56
352057763160102,Samsung A56
352057763144742,Samsung A56
352057763165200,Samsung A56
352057763159468,Samsung A56
352057763159815,Samsung A56
352057763157835,Samsung A56
352057763159765,Samsung A56
352057763159849,Samsung A56
352057763160599,Samsung A56
352057763159492,Samsung A56
352057763161399,Samsung A56
352057763161191,Samsung A56
352057763161019,Samsung A56
352057763154931,Samsung A56
352057763161159,Samsung A56
352057763165168,Samsung A56
352057763148933,Samsung A56
352057763144791,Samsung A56
352057763160144,Samsung A56
352057763161944,Samsung A56
352057763144684,Samsung A56
352057763155904,Samsung A56
352057763144734,Samsung A56
352057763145202,Samsung A56
352057763162652,Samsung A56
352057763144726,Samsung A56
352057763161928,Samsung A56
352057763162629,Samsung A56
352057763161670,Samsung A56
352057763162280,Samsung A56
352057763144304,Samsung A56
352057763161175,Samsung A56
352057763159781,Samsung A56
352057763145350,Samsung A56
352057763162017,Samsung A56
352057763162157,Samsung A56
352057763160185,Samsung A56
352057763159773,Samsung A56
352057763160151,Samsung A56
352057763162207,Samsung A56
352057763161688,Samsung A56
352057763162173,Samsung A56
352057763160953,Samsung A56
352057763162082,Samsung A56
352057763162249,Samsung A56
352057763162132,Samsung A56
352057763162199,Samsung A56
352057763226788,Samsung A56
352057763212804,Samsung A56
352057763224007,Samsung A56
352057763226721,Samsung A56
352057763212648,Samsung A56
352057763228974,Samsung A56
352057763154402,Samsung A56
352057763228891,Samsung A56
352057763228909,Samsung A56
352057763212788,Samsung A56
352057763232638,Samsung A56
352057763226812,Samsung A56
352057763226911,Samsung A56
352057763212630,Samsung A56
352057763226903,Samsung A56
352057763226960,Samsung A56
352057763228958,Samsung A56
352057763228776,Samsung A56
352057763228982,Samsung A56
352057763223405,Samsung A56
352057763212796,Samsung A56
352057763223439,Samsung A56
352057763212671,Samsung A56
352057763212598,Samsung A56
352057763228818,Samsung A56
352057763212663,Samsung A56
352057763228917,Samsung A56
352057763228602,Samsung A56
352057763228990,Samsung A56
352057763158122,Samsung A56
352057763229014,Samsung A56
352057763224957,Samsung A56
352057763158072,Samsung A56
352057763228313,Samsung A56
352057763232133,Samsung A56
352057763232356,Samsung A56
352057763228628,Samsung A56
352057763224973,Samsung A56
352057763228875,Samsung A56
352057763225558,Samsung A56
352057763220732,Samsung A56
352057763228677,Samsung A56
352057763220237,Samsung A56
352057763226945,Samsung A56
352057763228826,Samsung A56
352057763222399,Samsung A56
352057763217878,Samsung A56
352057763206152,Samsung A56
352057763217720,Samsung A56
352057763217274,Samsung A56
352057763217092,Samsung A56
352057763206137,Samsung A56
352057763206178,Samsung A56
352057763206145,Samsung A56
352057763222480,Samsung A56
352057763226739,Samsung A56
352057763222340,Samsung A56
352057763232240,Samsung A56
352057763228719,Samsung A56
352057763228800,Samsung A56
352057763195801,Samsung A56
352057763183013,Samsung A56
352057763173121,Samsung A56
352057763171216,Samsung A56
352057763176389,Samsung A56
352057763177999,Samsung A56
352057763196031,Samsung A56
352057763196064,Samsung A56
352057763196411,Samsung A56
352057763190026,Samsung A56
352057763227158,Samsung A56
352057763217852,Samsung A56
352057763222506,Samsung A56
352057763223447,Samsung A56
352057763223413,Samsung A56
352057763197658,Samsung A56
352057763197856,Samsung A56
352057763192550,Samsung A56
352057763192436,Samsung A56
352057763192535,Samsung A56
352057763227083,Samsung A56
352057763226853,Samsung A56
352057763226879,Samsung A56
352057763212812,Samsung A56
352057763223751,Samsung A56
352057763213349,Samsung A56
352057763212697,Samsung A56
352057763226697,Samsung A56
352057763228131,Samsung A56
352057763224056,Samsung A56
352057763197864,Samsung A56
352057763192071,Samsung A56
352057763192592,Samsung A56
352057763197922,Samsung A56
352057763187956,Samsung A56
352057763187915,Samsung A56
352057763174160,Samsung A56
352057763198003,Samsung A56
352057763197609,Samsung A56
352057763198219,Samsung A56
352057763198201,Samsung A56
352057763191859,Samsung A56
352057763191693,Samsung A56
352057763101494,Samsung A56
352057763191867,Samsung A56
352057763178641,Samsung A56
352057763193293,Samsung A56
352057763079393,Samsung A56
352057763193202,Samsung A56
352057763186826,Samsung A56
352057763197484,Samsung A56
352057763222498,Samsung A56
352057763197633,Samsung A56
352057763217845,Samsung A56
352057763197542,Samsung A56
352057763217662,Samsung A56
352057763197849,Samsung A56
352057763222290,Samsung A56
352057763186974,Samsung A56
352057763154287,Samsung A56
352057763193244,Samsung A56
352057763197641,Samsung A56
352057763197955,Samsung A56
352057763193111,Samsung A56
352057763193079,Samsung A56
352057763193236,Samsung A56
352057763065020,Samsung A56
352057763192154,Samsung A56
352057763186438,Samsung A56
352057763186867,Samsung A56
352057763058744,Samsung A56
352057763193228,Samsung A56
352057763193137,Samsung A56
352057763182668,Samsung A56
352057763186651,Samsung A56
352057763059221,Samsung A56
352057763201518,Samsung A56
352057762985111,Samsung A56
352057763192139,Samsung A56
352057763184581,Samsung A56
352057763055336,Samsung A56
352057763186636,Samsung A56
352057763051095,Samsung A56
352057763184615,Samsung A56
352057763174459,Samsung A56
352057762844672,Samsung A56
352057763067968,Samsung A56
352057763054990,Samsung A56
352057763182478,Samsung A56
352057763174475,Samsung A56
352057763186883,Samsung A56
352057763197385,Samsung A56
352057763244237,Samsung A56
352057763244518,Samsung A56
352057763185240,Samsung A56
352057763187782,Samsung A56
352057763185307,Samsung A56
352057763187675,Samsung A56
352057763185232,Samsung A56
352057763176116,Samsung A56
352057763185190,Samsung A56
352057763185281,Samsung A56
352057763186156,Samsung A56
352057763186198,Samsung A56
352057763185919,Samsung A56
352057763185141,Samsung A56
352057763185125,Samsung A56
352057763185331,Samsung A56
352057763185257,Samsung A56
352057763244633,Samsung A56
352057763196072,Samsung A56
352057763175480,Samsung A56
352057763188277,Samsung A56
352057763186420,Samsung A56
352057763244708,Samsung A56
352057763195785,Samsung A56
352057763196189,Samsung A56
352057763244336,Samsung A56
352057763244484,Samsung A56
352057763183526,Samsung A56
352057763173147,Samsung A56
352057763173105,Samsung A56
352057763196353,Samsung A56
352057763189499,Samsung A56
352057763232513,Samsung A56
352057763223512,Samsung A56
352057763220641,Samsung A56
352057763164823,Samsung A56
352057763232299,Samsung A56
352057763224825,Samsung A56
352057763220708,Samsung A56
352057763220625,Samsung A56
352057763220724,Samsung A56
352057763225079,Samsung A56
352057763232331,Samsung A56
352057763224965,Samsung A56
352057763223678,Samsung A56
352057763226655,Samsung A56
352057763226895,Samsung A56
352057763232521,Samsung A56
352057763232430,Samsung A56
352057763226937,Samsung A56
352057763212564,Samsung A56
352057763220658,Samsung A56
352057763226705,Samsung A56
352057763232489,Samsung A56
352057763223470,Samsung A56
352057763232463,Samsung A56
352057763220955,Samsung A56
352057763148032,Samsung A56
352057763217258,Samsung A56
352057763220922,Samsung A56
352057763214313,Samsung A56
352057763227976,Samsung A56
352057763220179,Samsung A56
352057763226713,Samsung A56
352057763228792,Samsung A56
352057763232414,Samsung A56
352057763232455,Samsung A56
352057763217282,Samsung A56
352057763212622,Samsung A56
352057763226663,Samsung A56
352057763226986,Samsung A56
352057763148297,Samsung A56
352057763224700,Samsung A56
352057763221516,Samsung A56
352057763221110,Samsung A56
352057763158338,Samsung A56
352057763222282,Samsung A56
352057763206186,Samsung A56
352057763206368,Samsung A56
352057763224734,Samsung A56
352057763222605,Samsung A56
352057763217449,Samsung A56
352057763224791,Samsung A56
352057763222753,Samsung A56
352057763224692,Samsung A56
352057763206350,Samsung A56
352057763221417,Samsung A56
352057763224684,Samsung A56
352057763221375,Samsung A56
352057763206327,Samsung A56
352057763225210,Samsung A56
352057763158213,Samsung A56
352057763201211,Samsung A56
352057763177866,Samsung A56
352057763250200,Samsung A56
352057763198094,Samsung A56
352057763173626,Samsung A56
352057763250234,Samsung A56
352057763192626,Samsung A56
352057763177916,Samsung A56
352057763197476,Samsung A56
352057763191412,Samsung A56
352057763177874,Samsung A56
352057763178245,Samsung A56
352057763250259,Samsung A56
352057763184201,Samsung A56
352057763198128,Samsung A56
352057763161704,Samsung A56
352057763161639,Samsung A56
352057763161613,Samsung A56
352057763196023,Samsung A56
352057763187642,Samsung A56
352057763173956,Samsung A56
352057763196486,Samsung A56
352057763244880,Samsung A56
352057763162348,Samsung A56
352057763143892,Samsung A56
352057763160276,Samsung A56
352057763187600,Samsung A56
352057763161555,Samsung A56
352057763145228,Samsung A56
352057763161779,Samsung A56
352057763178518,Samsung A56
352057763244138,Samsung A56
352057763198235,Samsung A56
352057763197120,Samsung A56
352057763244401,Samsung A56
352057763245010,Samsung A56
352057763244740,Samsung A56
352057763244732,Samsung A56
352057763244088,Samsung A56
352057763199068,Samsung A56
352057763244385,Samsung A56
352057763244120,Samsung A56
352057763244161,Samsung A56
352057763244872,Samsung A56
352057763197021,Samsung A56
352057763187550,Samsung A56
352057763195934,Samsung A56
352057763187329,Samsung A56
352057763187741,Samsung A56
352057763196676,Samsung A56
352057763174087,Samsung A56
352057763174293,Samsung A56
352057763187634,Samsung A56
352057763189408,Samsung A56
352057763196593,Samsung A56
352057763185570,Samsung A56
352057763187444,Samsung A56
352057763187659,Samsung A56
352057763187618,Samsung A56
352057763186099,Samsung A56
352057763192089,Samsung A56
352057763187949,Samsung A56
352057763192097,Samsung A56
352057763197591,Samsung A56
352057763187907,Samsung A56
352057763162678,Samsung A56
352057763162736,Samsung A56
352057763161993,Samsung A56
352057763143918,Samsung A56
352057763159963,Samsung A56
352057763144429,Samsung A56
352057763144544,Samsung A56
352057763159997,Samsung A56
352057763144437,Samsung A56
352057763161761,Samsung A56
352057763191982,Samsung A56
352057763192014,Samsung A56
352057763192642,Samsung A56
352057763192675,Samsung A56
352057763192055,Samsung A56
352057763192022,Samsung A56
352057763192006,Samsung A56
352057763191990,Samsung A56
352057763102450,Samsung A56
352057763173618,Samsung A56
352057763192683,Samsung A56
352057763191008,Samsung A56
352057763192063,Samsung A56
352057763191933,Samsung A56
352057763191073,Samsung A56
352057763220302,Samsung A56
352057763225269,Samsung A56
352057763220609,Samsung A56
352057763232380,Samsung A56
352057763224981,Samsung A56
352057763226150,Samsung A56
352057763191669,Samsung A56
352057763226226,Samsung A56
352057763227414,Samsung A56
352057763225012,Samsung A56
352057763164682,Samsung A56
352057763220799,Samsung A56
352057763232562,Samsung A56
352057763212655,Samsung A56
352057763227398,Samsung A56
352057763187220,Samsung A56
352057763186222,Samsung A56
352057763185562,Samsung A56
352057763172826,Samsung A56
352057763079708,Samsung A56
352057763191271,Samsung A56
352057763187295,Samsung A56
352057763191438,Samsung A56
352057763055815,Samsung A56
352057763189226,Samsung A56
352057763187527,Samsung A56
352057763143850,Samsung A56
352057763196106,Samsung A56
352057763187535,Samsung A56
352057763174640,Samsung A56
352057763191800,Samsung A56
352057763244898,Samsung A56
352057763244245,Samsung A56
352057763244039,Samsung A56
352057763244377,Samsung A56
352057763244682,Samsung A56
352057763200676,Samsung A56
352057763176249,Samsung A56
352057763244344,Samsung A56
352057763206251,Samsung A56
352057763222472,Samsung A56
352057763244443,Samsung A56
352057763244500,Samsung A56
352057763192980,Samsung A56
352057763244351,Samsung A56
352057763198938,Samsung A56
352057763192105,Samsung A56
352057763199027,Samsung A56
352057763185430,Samsung A56
352057762847469,Samsung A56
352057763191305,Samsung A56
352057763174400,Samsung A56
352057763198953,Samsung A56
352057763182700,Samsung A56
352057763187188,Samsung A56
352057763081894,Samsung A56
352057763198896,Samsung A56
352057763074592,Samsung A56
352057763198946,Samsung A56
352057763192295,Samsung A56
352057763214339,Samsung A56
352057763217001,Samsung A56
352057763217142,Samsung A56
352057763227943,Samsung A56
352057763212895,Samsung A56
352057763215252,Samsung A56
352057763228008,Samsung A56
352057763159005,Samsung A56
352057763159039,Samsung A56
352057763213828,Samsung A56
352057763219502,Samsung A56
352057763219452,Samsung A56
352057763215393,Samsung A56
352057763227984,Samsung A56
352057763217191,Samsung A56
352057763174822,Samsung A56
352057763173493,Samsung A56
352057763189309,Samsung A56
352057763195769,Samsung A56
352057763174863,Samsung A56
352057763187543,Samsung A56
352057763187683,Samsung A56
352057763196437,Samsung A56
352057763174335,Samsung A56
352057763189952,Samsung A56
352057763196270,Samsung A56
352057763187519,Samsung A56
352057763196346,Samsung A56
352057763186057,Samsung A56
352057763196395,Samsung A56
352057763161696,Samsung A56
352057763161969,Samsung A56
352057763161605,Samsung A56
352057763162108,Samsung A56
352057763161985,Samsung A56
352057763162686,Samsung A56
352057763196619,Samsung A56
352057763161654,Samsung A56
352057763185158,Samsung A56
352057763162231,Samsung A56
352057763186164,Samsung A56
352057763143942,Samsung A56
352057763143926,Samsung A56
352057763185380,Samsung A56
352057763185398,Samsung A56
352057763198920,Samsung A56
352057763196684,Samsung A56
352057763198904,Samsung A56
352057763191503,Samsung A56
352057763191701,Samsung A56
352057763183765,Samsung A56
352057763191099,Samsung A56
352057763193046,Samsung A56
352057763187196,Samsung A56
352057763187238,Samsung A56
352057763177833,Samsung A56
352057763197989,Samsung A56
352057763250168,Samsung A56
352057763197880,Samsung A56
352057763173907,Samsung A56
352057763061862,Samsung A56
352057763192261,Samsung A56
352057763186669,Samsung A56
352057763186677,Samsung A56
352057763081746,Samsung A56
352057763172909,Samsung A56
352057763192386,Samsung A56
352057763182577,Samsung A56
352057763172628,Samsung A56
352057763192220,Samsung A56
352057763196445,Samsung A56
352057763191370,Samsung A56
352057763178070,Samsung A56
352057763191321,Samsung A56
352057763050329,Samsung A56
352057763164799,Samsung A56
352057763149956,Samsung A56
352057763164948,Samsung A56
352057763223918,Samsung A56
352057763227273,Samsung A56
352057763186685,Samsung A56
352057763192394,Samsung A56
352057763182452,Samsung A56
352057763055138,Samsung A56
352057763066259,Samsung A56
352057763187667,Samsung A56
352057763186602,Samsung A56
352057763186693,Samsung A56
352057763074295,Samsung A56
352057763192246,Samsung A56
352057763162579,Samsung A56
352057762998551,Samsung A56
352057763159146,Samsung A56
352057763144478,Samsung A56
352057763144494,Samsung A56
352057763220815,Samsung A56
352057763220807,Samsung A56
352057763220864,Samsung A56
352057763227992,Samsung A56
352057763220880,Samsung A56
352057763145392,Samsung A56
352057763150319,Samsung A56
352057763162504,Samsung A56
352057763159989,Samsung A56
352057763220914,Samsung A56
352057763227901,Samsung A56
352057763220906,Samsung A56
352057763220856,Samsung A56
352057763220930,Samsung A56
352057763220682,Samsung A56
352057763171752,Samsung A56
352057763220898,Samsung A56
352057763227919,Samsung A56
352057763227927,Samsung A56
352057763227968,Samsung A56
352057763221029,Samsung A56
352057763220872,Samsung A56
352057763227935,Samsung A56
352057763227893,Samsung A56
352057763220948,Samsung A56
352057763197252,Samsung A56
352057763245119,Samsung A56
352057763244070,Samsung A56
352057763170796,Samsung A56
352057763186925,Samsung A56
352057763197294,Samsung A56
352057763171950,Samsung A56
352057763197237,Samsung A56
352057763197245,Samsung A56
352057763245150,Samsung A56
352057763171695,Samsung A56
352057763182197,Samsung A56
352057763227612,Samsung A56
352057763199191,Samsung A56
352057763171844,Samsung A56
352057763197310,Samsung A56
352057763073743,Samsung A56
352057763244831,Samsung A56
352057763197344,Samsung A56
352057762992190,Samsung A56
352057763164864,Samsung A56
352057763226671,Samsung A56
352057763228685,Samsung A56
352057763227604,Samsung A56
352057763232695,Samsung A56
352057763165010,Samsung A56
352057763223587,Samsung A56
352057763226168,Samsung A56
352057763164880,Samsung A56
352057763212713,Samsung A56
352057763226358,Samsung A56
352057763227265,Samsung A56
352057763227372,Samsung A56
352057763223975,Samsung A56
352057763223983,Samsung A56
352057763223793,Samsung A56
352057763223934,Samsung A56
352057763164955,Samsung A56
352057763223702,Samsung A56
352057763224395,Samsung A56
352057763223892,Samsung A56
352057763223769,Samsung A56
352057763220401,Samsung A56
352057763223710,Samsung A56
352057763226259,Samsung A56
352057763201047,Samsung A56
352057763201070,Samsung A56
352057763244187,Samsung A56
352057763198276,Samsung A56
352057763250663,Samsung A56
352057763200916,Samsung A56
352057763200742,Samsung A56
352057763250879,Samsung A56
352057763249988,Samsung A56
352057763200973,Samsung A56
352057763201088,Samsung A56
352057763250739,Samsung A56
352057763200981,Samsung A56
352057763201138,Samsung A56
352057763250770,Samsung A56
352057763205790,Samsung A56
352057763205766,Samsung A56
352057763143793,Samsung A56
352057763145723,Samsung A56
352057763163593,Samsung A56
352057763143389,Samsung A56
352057763159138,Samsung A56
352057763205683,Samsung A56
352057763143371,Samsung A56
352057763145749,Samsung A56
352057763250507,Samsung A56
352057763250598,Samsung A56
352057763250457,Samsung A56
352057763244542,Samsung A56
352057763201054,Samsung A56
352057763074857,Samsung A56
352057763192618,Samsung A56
352057763192477,Samsung A56
352057763105073,Samsung A56
352057763199233,Samsung A56
352057763143272,Samsung A56
352057763143710,Samsung A56
352057763143678,Samsung A56
352057763145707,Samsung A56
352057763143769,Samsung A56
352057763143405,Samsung A56
352057763143397,Samsung A56
352057763143306,Samsung A56
352057763143181,Samsung A56
352057763143314,Samsung A56
352057763199209,Samsung A56
352057763186404,Samsung A56
352057763178633,Samsung A56
352057763186735,Samsung A56
352057763192352,Samsung A56
352057763245069,Samsung A56
352057763178591,Samsung A56
352057763197377,Samsung A56
352057763192444,Samsung A56
352057763192576,Samsung A56
352057763178583,Samsung A56
352057763191784,Samsung A56
352057763171877,Samsung A56
352057763187717,Samsung A56
352057763191636,Samsung A56
352057763164898,Samsung A56
352057763232679,Samsung A56
352057763224304,Samsung A56
352057763164997,Samsung A56
352057763227570,Samsung A56
352057763217043,Samsung A56
352057763223116,Samsung A56
352057763219429,Samsung A56
352057763215161,Samsung A56
352057763228727,Samsung A56
352057763224478,Samsung A56
352057763223546,Samsung A56
352057763223603,Samsung A56
352057763232703,Samsung A56
352057763221862,Samsung A56
352057763215195,Samsung A56
352057763207226,Samsung A56
352057763214362,Samsung A56
352057763219460,Samsung A56
352057763220849,Samsung A56
352057763216912,Samsung A56
352057763225533,Samsung A56
352057763214420,Samsung A56
352057763212135,Samsung A56
352057763215260,Samsung A56
352057763158627,Samsung A56
352057763152380,Samsung A56
352057763221649,Samsung A56
352057763158635,Samsung A56
352057763214404,Samsung A56
352057763205733,Samsung A56
352057763143785,Samsung A56
352057763205634,Samsung A56
352057763144213,Samsung A56
352057763143736,Samsung A56
352057763144122,Samsung A56
352057763143827,Samsung A56
352057763144999,Samsung A56
352057763205709,Samsung A56
352057763205691,Samsung A56
352057763143694,Samsung A56
352057763144130,Samsung A56
352057763205832,Samsung A56
352057763144254,Samsung A56
352057763144148,Samsung A56
352057763144247,Samsung A56
352057763205808,Samsung A56
352057763144080,Samsung A56
352057763144239,Samsung A56
352057763143751,Samsung A56
352057763228396,Samsung A56
352057762987182,Samsung A56
352057763232257,Samsung A56
352057763224940,Samsung A56
352057763206079,Samsung A56
352057763226978,Samsung A56
352057763226689,Samsung A56
352057763228354,Samsung A56
352057763232505,Samsung A56
352057763228362,Samsung A56
352057763232208,Samsung A56
352057763222365,Samsung A56
352057763232166,Samsung A56
352057763228339,Samsung A56
352057763224890,Samsung A56
352057763232232,Samsung A56
352057763232182,Samsung A56
352057763222308,Samsung A56
352057762942351,Samsung A56
352057762976003,Samsung A56
352057763220674,Samsung A56
352057763220781,Samsung A56
352057763227232,Samsung A56
352057763223884,Samsung A56
352057763223561,Samsung A56
352057763223835,Samsung A56
352057763154261,Samsung A56
352057763165036,Samsung A56
352057763149972,Samsung A56
352057763224445,Samsung A56
352057763223801,Samsung A56
352057763149923,Samsung A56
352057763165093,Samsung A56
352057763224072,Samsung A56
352057763227240,Samsung A56
352057763224361,Samsung A56
352057763223504,Samsung A56
352057763220427,Samsung A56
352057763227281,Samsung A56
352057763224452,Samsung A56
352057763227596,Samsung A56
352057763223579,Samsung A56
352057763227026,Samsung A56
352057763223538,Samsung A56
352057763226283,Samsung A56
352057763223850,Samsung A56
352057763223611,Samsung A56
352057763223694,Samsung A56
352057763223629,Samsung A56
352057763164922,Samsung A56
352057763223595,Samsung A56
352057763223488,Samsung A56
352057763223652,Samsung A56
352057763223637,Samsung A56
352057763227539,Samsung A56
352057763220419,Samsung A56
352057763227380,Samsung A56
352057763227000,Samsung A56
352057763223876,Samsung A56
352057763191016,Samsung A56
352057763187105,Samsung A56
352057763191172,Samsung A56
352057763191065,Samsung A56
352057763191974,Samsung A56
352057763190968,Samsung A56
352057763178500,Samsung A56
352057763197526,Samsung A56
352057763190976,Samsung A56
352057763191057,Samsung A56
352057763190992,Samsung A56
352057763191735,Samsung A56
352057763178476,Samsung A56
352057763187097,Samsung A56
352057763178658,Samsung A56
352057763191602,Samsung A56
352057763187121,Samsung A56
352057763173881,Samsung A56
352057763187923,Samsung A56
352057763173634,Samsung A56
352057763174921,Samsung A56
352057763196650,Samsung A56
352057763196627,Samsung A56
352057763174244,Samsung A56
352057763185828,Samsung A56
352057763185810,Samsung A56
352057763197096,Samsung A56
352057763173444,Samsung A56
352057763174871,Samsung A56
352057763189457,Samsung A56
352057763174251,Samsung A56
352057763185778,Samsung A56
352057763196205,Samsung A56
352057763196114,Samsung A56
352057763174699,Samsung A56
352057763174178,Samsung A56
352057763185885,Samsung A56
352057763189820,Samsung A56
352057763172511,Samsung A56
352057763173519,Samsung A56
352057763185802,Samsung A56
352057763070103,Samsung A56
352057763185497,Samsung A56
352057763199183,Samsung A56
352057763171737,Samsung A56
352057763192378,Samsung A56
352057763171901,Samsung A56
352057763244948,Samsung A56
352057763192147,Samsung A56
352057763196965,Samsung A56
352057763171976,Samsung A56
352057763244203,Samsung A56
352057763197054,Samsung A56
352057763197039,Samsung A56
352057763198185,Samsung A56
352057763197013,Samsung A56
352057763199126,Samsung A56
352057763186818,Samsung A56
352057763186719,Samsung A56
352057763197351,Samsung A56
352057763144064,Samsung A56
352057763143355,Samsung A56
352057763158049,Samsung A56
352057763143199,Samsung A56
352057763145806,Samsung A56
352057763163924,Samsung A56
352057763143348,Samsung A56
352057763205642,Samsung A56
352057763145673,Samsung A56
352057763145699,Samsung A56
352057763143256,Samsung A56
352057763143363,Samsung A56
352057763143413,Samsung A56
352057763144072,Samsung A56
352057763208174,Samsung A56
352057763145400,Samsung A56
352057763145756,Samsung A56
352057763143223,Samsung A56
352057763145772,Samsung A56
352057763144049,Samsung A56
352057763186289,Samsung A56
352057763051228,Samsung A56
352057763186131,Samsung A56
352057763186065,Samsung A56
352057763193400,Samsung A56
352057763187733,Samsung A56
352057763186248,Samsung A56
352057763186396,Samsung A56
352057763185877,Samsung A56
352057763187881,Samsung A56
352057763185273,Samsung A56
352057763186081,Samsung A56
352057763186032,Samsung A56
352057763194465,Samsung A56
352057763194382,Samsung A56
352057763185224,Samsung A56
352057763174632,Samsung A56
352057763052978,Samsung A56
352057763187865,Samsung A56
352057763226747,Samsung A56
352057763187337,Samsung A56
352057763191404,Samsung A56
352057763219262,Samsung A56
352057763191420,Samsung A56
352057763228693,Samsung A56
352057763191479,Samsung A56
352057763228701,Samsung A56
352057763228750,Samsung A56
352057763050642,Samsung A56
352057763187204,Samsung A56
352057763191354,Samsung A56
352057763215153,Samsung A56
352057763215245,Samsung A56
352057763206210,Samsung A56
352057763226374,Samsung A56
352057763192402,Samsung A56
352057763232323,Samsung A56
352057763228669,Samsung A56
352057763187253,Samsung A56
352057763219668,Samsung A56
352057763228842,Samsung A56
352057763217357,Samsung A56
352057763219411,Samsung A56
352057763228966,Samsung A56
352057763228834,Samsung A56
352057763215120,Samsung A56
352057763220690,Samsung A56
352057763215351,Samsung A56
352057763217019,Samsung A56
352057763217209,Samsung A56
352057763217399,Samsung A56
352057763219304,Samsung A56
352057763228883,Samsung A56
352057763217365,Samsung A56
352057763217266,Samsung A56
352057763217118,Samsung A56
352057763197948,Samsung A56
352057763193152,Samsung A56
352057763198144,Samsung A56
352057763228925,Samsung A56
352057763198086,Samsung A56
352057763197823,Samsung A56
352057763212986,Samsung A56
352057763219338,Samsung A56
352057763217241,Samsung A56
352057763197807,Samsung A56
352057763197831,Samsung A56
352057763172008,Samsung A56
352057763193145,Samsung A56
352057763064460,Samsung A56
352057763187279,Samsung A56
352057763192964,Samsung A56
352057763171554,Samsung A56
352057763192048,Samsung A56
352057763187261,Samsung A56
352057763197757,Samsung A56
352057763199316,Samsung A56
352057763193061,Samsung A56
352057763193103,Samsung A56
352057763192162,Samsung A56
352057763244047,Samsung A56
352057763199035,Samsung A56
352057763185448,Samsung A56
352057763171927,Samsung A56
352057763244146,Samsung A56
352057763171562,Samsung A56
352057763244724,Samsung A56
352057763197898,Samsung A56
352057763244021,Samsung A56
352057763197088,Samsung A56
352057763191396,Samsung A56
352057763171760,Samsung A56
352057763244211,Samsung A56
352057763185356,Samsung A56
352057763244963,Samsung A56
352057763244799,Samsung A56
352057763197138,Samsung A56
352057763197153,Samsung A56
352057763244971,Samsung A56
352057763244807,Samsung A56
352057763230632,Samsung A56
352057763228420,Samsung A56
352057763250994,Samsung A56
352057763228321,Samsung A56
352057763200858,Samsung A56
352057763230210,Samsung A56
352057763250465,Samsung A56
352057763212754,Samsung A56
352057763200791,Samsung A56
352057763250796,Samsung A56
352057763200825,Samsung A56
352057763229089,Samsung A56
352057763228768,Samsung A56
352057763220393,Samsung A56
352057763206418,Samsung A56
352057763206087,Samsung A56
352057763249830,Samsung A56
352057763250929,Samsung A56
352057763212747,Samsung A56
352057763187006,Samsung A56
352057763200908,Samsung A56
352057763245135,Samsung A56
352057763198912,Samsung A56
352057763186933,Samsung A56
352057763113986,Samsung A56
352057763245127,Samsung A56
352057763199779,Samsung A56
352057763187048,Samsung A56
352057763199415,Samsung A56
352057763178609,Samsung A56
352057763199159,Samsung A56
352057763199050,Samsung A56
352057763128513,Samsung A56
352057763186917,Samsung A56
352057763193178,Samsung A56
352057763192998,Samsung A56
352057763174145,Samsung A56
352057763199266,Samsung A56
352057763171430,Samsung A56
352057763186206,Samsung A56
352057763212580,Samsung A56
352057763232307,Samsung A56
352057763224866,Samsung A56
352057763227356,Samsung A56
352057763217217,Samsung A56
352057763217324,Samsung A56
352057763164831,Samsung A56
352057763164906,Samsung A56
352057763232554,Samsung A56
352057763232471,Samsung A56
352057763232448,Samsung A56
352057763118100,Samsung A56
352057763197328,Samsung A56
352057763245036,Samsung A56
352057763191644,Samsung A56
352057763197401,Samsung A56
352057763185463,Samsung A56
352057763199084,Samsung A56
352057763199118,Samsung A56
352057763199167,Samsung A56
352057763134396,Samsung A56
352057763191776,Samsung A56
352057763195645,Samsung A56
352057763199175,Samsung A56
352057763199100,Samsung A56
352057763178757,Samsung A56
352057763245051,Samsung A56
352057763086489,Samsung A56
352057763199142,Samsung A56
352057763199043,Samsung A56
352057763087453,Samsung A56
350337177118074,Samsung A56
350337177115484,Samsung A56
350337177116771,Samsung A56
350337177081579,Samsung A56
350337177085794,Samsung A56
350337177086255,Samsung A56
350337177115203,Samsung A56
350337177111012,Samsung A56
350337177081561,Samsung A56
350337177118629,Samsung A56
350337177114784,Samsung A56
350337177115278,Samsung A56
350337177096205,Samsung A56
350337177110840,Samsung A56
350337177114818,Samsung A56
350337177110915,Samsung A56
350337177114776,Samsung A56
350337177114040,Samsung A56
350337177114800,Samsung A56
350337177111210,Samsung A56
350337177111400,Samsung A56
350337177114917,Samsung A56
350337177115849,Samsung A56
350337177111111,Samsung A56
350337177111202,Samsung A56
350337177111541,Samsung A56
350337177087113,Samsung A56
350337177115674,Samsung A56
350337177113430,Samsung A56
350337177086545,Samsung A56
